文件名,流派,平均亮度,平均饱和度,RMS对比度,颜色丰富度,鲜明度,区域平衡度,梯度平滑度,GLCM对比度,GLCM相关性,GLCM能量,GLCM同质性
(Studio of) Giovanni Battista Tiepolo.jpg,洛可可艺术,60.5347,21.3505,0.5133,152.5322,35.1562,10.5596,31.3678,1.3871,0.9657,0.2401,0.7642
001#庚斯博罗MH046.tif,洛可可艺术,60.2373,23.6002,0.2425,67.3275,23.1934,10.7803,8.2694,0.5608,0.9428,0.2667,0.8257
006#庚斯博罗MH046.tif,洛可可艺术,51.5677,13.4174,0.1785,39.8017,11.1329,8.3707,1.16,0.1294,0.9669,0.4893,0.9397
007#庚斯博罗MH046.tif,洛可可艺术,63.034,31.0951,0.2605,126.8058,30.275,18.3054,5.3442,0.4833,0.9607,0.244,0.8168
009#庚斯博罗MH046.tif,洛可可艺术,57.9917,26.2841,0.2976,161.427,24.5954,16.2933,9.44,0.7745,0.9432,0.2072,0.7555
01#夏尔丹MH047.tif,洛可可艺术,62.7725,20.3636,0.1271,24.482,18.879,6.3004,2.1179,0.1935,0.9356,0.4649,0.9146
015#庚斯博罗MH046.tif,洛可可艺术,45.4705,29.9386,0.2206,57.3222,18.6267,6.5069,2.2805,0.1951,0.9579,0.4551,0.9139
018#庚斯博罗MH046.tif,洛可可艺术,59.9097,20.7696,0.2555,45.3939,21.5524,17.0206,2.8434,0.2448,0.9772,0.3149,0.8932
020#庚斯博罗MH046.tif,洛可可艺术,60.7035,18.3051,0.2986,63.3623,23.5742,19.918,4.1779,0.2774,0.9816,0.314,0.8903
021#庚斯博罗MH046.tif,洛可可艺术,56.6285,25.0587,0.1444,66.8429,18.1128,8.3535,3.4051,0.2905,0.9086,0.3867,0.8794
027#庚斯博罗MH046.tif,洛可可艺术,46.0458,37.2451,0.4136,140.5277,27.6152,16.6283,13.6554,0.6774,0.9589,0.2482,0.8336
03#夏尔丹MH047.tif,洛可可艺术,44.5975,25.3643,0.2249,20.6725,16.0969,7.072,5.1802,0.388,0.9153,0.3616,0.8709
04#夏尔丹MH047.tif,洛可可艺术,56.827,19.9125,0.2011,66.8502,16.2969,8.05,2.8169,0.2231,0.9631,0.3912,0.9059
05#夏尔丹MH047.tif,洛可可艺术,62.1562,15.0302,0.1481,25.4176,16.2169,6.0208,2.0542,0.1991,0.9501,0.4276,0.9102
15#夏尔丹MH047.tif,洛可可艺术,58.0941,36.6065,0.2693,100.2185,29.2109,10.9755,9.1307,0.516,0.954,0.2503,0.8363
16#夏尔丹MH047.tif,洛可可艺术,45.7783,32.3288,0.3518,169.855,23.2592,13.7405,4.2968,0.2962,0.975,0.3272,0.8872
17#夏尔丹MH047.tif,洛可可艺术,47.7249,34.252,0.2845,104.8843,21.9557,9.0701,5.0394,0.2868,0.9659,0.3983,0.9004
18#夏尔丹MH047.tif,洛可可艺术,54.8853,40.434,0.199,89.39,27.1833,8.9002,4.3489,0.4159,0.925,0.3025,0.8344
21#夏尔丹MH047.tif,洛可可艺术,51.6454,37.1268,0.3108,250.7881,27.201,19.2237,5.6783,0.4942,0.9579,0.2405,0.8133
22#夏尔丹MH047.tif,洛可可艺术,55.3261,22.0377,0.269,73.0544,19.2388,13.1535,3.8917,0.3147,0.9689,0.2879,0.8708
24#夏尔丹MH047.tif,洛可可艺术,57.1719,18.1623,0.2667,74.5546,18.26,13.8154,3.0369,0.2569,0.9758,0.2977,0.8894
25#夏尔丹MH047.tif,洛可可艺术,55.5949,31.1268,0.2255,58.7304,22.2607,6.8651,2.9684,0.3258,0.9549,0.3035,0.8594
26#夏尔丹MH047.tif,洛可可艺术,49.2849,31.6972,0.1984,74.3771,19.0318,8.4092,3.0878,0.3271,0.9264,0.3492,0.8624
29#夏尔丹MH047.tif,洛可可艺术,47.1718,32.3699,0.1976,25.8453,18.8182,5.945,3.4093,0.2515,0.9379,0.4089,0.898
30#夏尔丹MH047.tif,洛可可艺术,49.9587,37.4129,0.2941,112.8663,25.1899,15.0137,3.2785,0.2444,0.9753,0.3304,0.9019
34#夏尔丹MH047.tif,洛可可艺术,47.2671,37.2567,0.2914,140.1056,24.0834,13.7719,4.0652,0.2987,0.9658,0.3854,0.8831
35#夏尔丹MH047.tif,洛可可艺术,55.967,37.251,0.2509,190.0163,27.2811,10.5415,6.0832,0.4796,0.9471,0.2835,0.8249
37#夏尔丹MH047.tif,洛可可艺术,55.1827,33.8026,0.2725,98.2597,25.2971,11.4692,5.909,0.4617,0.9552,0.284,0.832
42#夏尔丹MH047.tif,洛可可艺术,54.5569,26.1427,0.1556,34.8061,17.4145,7.3827,2.7139,0.3144,0.9068,0.3751,0.8617
43#夏尔丹MH047.tif,洛可可艺术,58.2092,43.4049,0.2909,136.9994,34.8224,14.8628,8.3027,0.4704,0.9642,0.2661,0.8488
44#夏尔丹MH047.tif,洛可可艺术,42.6963,46.6854,0.3517,213.9261,29.6737,12.5644,16.3451,0.9347,0.9092,0.2555,0.7784
46#夏尔丹MH047.tif,洛可可艺术,52.1836,29.3236,0.213,161.3201,19.6325,15.3878,4.027,0.5,0.9128,0.2896,0.7993
47#夏尔丹MH047.tif,洛可可艺术,49.6947,42.7627,0.2863,244.4485,28.4138,10.7302,10.9021,0.8064,0.9132,0.2413,0.7653
48#夏尔丹MH047.tif,洛可可艺术,40.336,40.358,0.6344,179.5181,33.4034,20.9154,22.6465,0.9592,0.9676,0.2583,0.7854
50#夏尔丹MH047.tif,洛可可艺术,42.9104,41.32,0.3125,128.1112,25.1821,11.1504,20.3127,0.8969,0.8854,0.3081,0.8248
51#夏尔丹MH047.tif,洛可可艺术,51.7503,40.0226,0.2858,129.5122,27.6097,11.6238,8.2962,0.5383,0.9464,0.2982,0.835
52#夏尔丹MH047.tif,洛可可艺术,52.73,28.7722,0.2535,43.801,19.9838,11.1787,4.715,0.3929,0.9524,0.339,0.8481
53#夏尔丹MH047.tif,洛可可艺术,57.1182,34.1327,0.2843,91.5985,27.7715,11.1103,6.9277,0.5137,0.9572,0.239,0.8205
D大卫-艺故事02.tif,洛可可艺术,55.7949,33.1706,0.3057,136.324,26.7639,11.7855,14.0241,0.6306,0.9527,0.2529,0.8511
D大卫-艺故事039.tif,洛可可艺术,55.4875,32.3944,0.2585,95.4145,24.3176,9.9424,9.7078,0.562,0.9402,0.2672,0.8326
D大卫-艺故事04.tif,洛可可艺术,58.8167,20.3201,0.3252,147.9672,22.39,11.0652,15.4255,0.6808,0.9591,0.3129,0.868
D大卫-艺故事040.tif,洛可可艺术,44.9363,27.591,0.4981,184.4391,25.5178,20.4955,9.9861,0.4116,0.9821,0.3631,0.8853
D大卫-艺故事042.tif,洛可可艺术,45.1743,19.3288,0.4661,118.8989,23.3844,17.4013,7.8567,0.3373,0.9834,0.3868,0.9008
D大卫-艺故事045.tif,洛可可艺术,54.1741,29.9627,0.3133,185.2476,24.483,13.1223,12.1171,0.6076,0.9539,0.2618,0.8354
D大卫-艺故事047.tif,洛可可艺术,65.0156,28.31,0.261,144.0879,30.0498,15.0683,11.1736,0.7557,0.9425,0.2157,0.7708
D大卫-艺故事048.tif,洛可可艺术,56.3225,23.0293,0.3268,210.1891,24.2705,20.3108,17.2959,0.9019,0.9417,0.2276,0.795
D大卫-艺故事055.tif,洛可可艺术,62.1973,23.0375,0.2344,285.4202,24.014,14.6718,9.9659,0.518,0.9468,0.2921,0.8732
D大卫-艺故事057.tif,洛可可艺术,53.9354,38.7343,0.3484,439.6099,30.3045,30.0391,2.908,0.3389,0.979,0.2819,0.8532
D大卫-艺故事058.tif,洛可可艺术,57.4008,28.4677,0.2652,229.5051,24.8464,17.9528,8.9693,0.5253,0.9505,0.2633,0.8377
D大卫-艺故事09.tif,洛可可艺术,59.9774,31.0509,0.2259,162.8363,25.6629,10.8321,7.7498,0.5096,0.9394,0.2741,0.8317
D大卫-艺故事10.tif,洛可可艺术,34.8521,47.5863,0.4586,83.5827,29.7473,16.7561,4.0739,0.2854,0.9755,0.3865,0.8886
D大卫-艺故事11.tif,洛可可艺术,53.3279,34.9522,0.2888,99.4997,25.5605,10.4333,12.9837,0.7832,0.9278,0.2434,0.7845
D大卫-艺故事13.tif,洛可可艺术,54.3497,35.398,0.3398,363.9721,29.2737,19.4569,6.4901,0.4063,0.9738,0.2651,0.8594
D大卫-艺故事18.tif,洛可可艺术,56.8158,43.7489,0.2208,310.0098,32.0373,17.593,6.2654,0.5286,0.9274,0.2849,0.8039
D大卫-艺故事19.tif,洛可可艺术,54.9736,41.8167,0.316,223.8073,32.4051,17.0411,11.8372,0.5712,0.9584,0.3203,0.8464
D大卫-艺故事20.tif,洛可可艺术,50.4018,37.7918,0.3097,208.833,26.0699,14.2191,10.3128,0.5792,0.9482,0.2908,0.8367
D大卫-艺故事21.tif,洛可可艺术,58.9733,45.0599,0.2143,306.9334,33.5108,16.2178,9.1928,0.4868,0.9331,0.355,0.8578
D大卫-艺故事31.tif,洛可可艺术,56.6125,29.1256,0.3801,229.3126,28.9897,22.6274,12.0433,0.6344,0.9698,0.2288,0.8214
D大卫-艺故事34.tif,洛可可艺术,57.7374,33.1796,0.2663,67.9062,26.8027,11.1521,8.8533,0.528,0.9513,0.2813,0.8351
D大卫-艺故事35.tif,洛可可艺术,60.5445,36.9601,0.2717,264.8301,31.9312,16.5526,11.0681,0.5907,0.9524,0.2406,0.826
"Giambattista Tiepolo and Workshop - Christ on the Route to Calvary, 1738-40.jpg",洛可可艺术,62.0889,20.9094,0.357,217.4899,27.5937,18.1089,31.17,1.6533,0.9268,0.2148,0.7246
Giovanni Battista Tiepolo (6).jpg,洛可可艺术,45.8674,23.3779,0.2869,57.223,16.7789,9.3073,3.3355,0.385,0.9521,0.366,0.8363
Giovanni Battista Tiepolo - An Allegory with Venus and Time.jpg,洛可可艺术,66.5782,13.0195,0.1849,82.3831,20.1468,13.4345,3.2169,0.1763,0.9734,0.4148,0.929
Giovanni Battista Tiepolo - Apollo and Phaethon.jpeg,洛可可艺术,67.4365,27.4279,0.2015,137.605,29.2265,13.6167,8.9016,0.4564,0.9457,0.3154,0.8634
"Giovanni Battista Tiepolo - Seated Man, Woman with Jar, and Boy.jpg",洛可可艺术,74.2217,12.2027,0.1565,38.2956,26.5741,11.6366,2.8026,0.2195,0.9629,0.3576,0.9072
Giovanni Battista Tiepolo - The Banquet of Cleopatra.jpg,洛可可艺术,69.8723,13.1719,0.1342,22.632,22.7589,7.5629,3.7708,0.3022,0.9279,0.3443,0.8743
Giovanni Battista Tiepolo - The Virgin and Child appearing to a Group of Saints.jpg,洛可可艺术,54.9511,20.8028,0.1795,58.9368,15.7125,6.8964,4.3194,0.3414,0.9242,0.3578,0.8638
"Giovanni Battista Tiepolo, Attributed to, Italian, 1696-1770.jpg",洛可可艺术,65.2705,36.8688,0.2579,359.3471,35.2792,13.9373,15.0574,0.9639,0.9251,0.2156,0.7477
"Giovanni Battista Tiepolo, Italian, 1696-1770 (2).jpg",洛可可艺术,58.9809,37.4733,0.2983,228.2722,32.5015,15.0628,11.244,0.6725,0.9524,0.2528,0.8067
"Giovanni Battista Tiepolo, Italian, 1696-1770 (3).jpg",洛可可艺术,69.3574,23.9263,0.2846,236.7107,32.8728,17.2657,28.7422,1.5418,0.9141,0.2134,0.7264
MH022布歇- (1).tif,洛可可艺术,53.9678,29.5175,0.3642,267.7596,26.4499,21.8998,9.7086,0.6389,0.9636,0.2078,0.8004
MH022布歇- (11).tif,洛可可艺术,54.95,40.6591,0.2611,104.7713,29.0531,12.87,10.4651,0.7281,0.9225,0.2381,0.7769
MH022布歇- (113).tif,洛可可艺术,55.1474,39.0298,0.367,156.2222,32.0737,18.9878,10.8233,0.7236,0.9612,0.1997,0.7879
MH022布歇- (116).tif,洛可可艺术,62.0766,22.3014,0.2962,218.406,25.5426,16.6749,15.342,0.8815,0.9427,0.211,0.7748
MH022布歇- (118).tif,洛可可艺术,57.1843,23.5679,0.2081,40.6903,19.071,7.9683,7.6455,0.5338,0.9178,0.2827,0.8173
MH022布歇- (119).tif,洛可可艺术,53.7973,21.2872,0.2531,30.0445,17.8092,8.9015,7.9878,0.5641,0.9337,0.256,0.8083
MH022布歇- (12).tif,洛可可艺术,57.5525,23.3518,0.2984,102.2397,23.6545,16.1639,10.2598,0.6744,0.9492,0.2626,0.8032
MH022布歇- (127).tif,洛可可艺术,52.4317,21.1798,0.3349,136.3278,20.6402,11.503,26.0731,1.2454,0.9112,0.2244,0.7813
MH022布歇- (128).tif,洛可可艺术,57.7322,15.184,0.5443,84.4903,32.0925,24.1296,17.4482,0.7282,0.9831,0.291,0.8345
MH022布歇- (13).tif,洛可可艺术,53.5134,23.3081,0.3533,190.7758,23.1523,15.3254,9.4527,0.6085,0.9628,0.2202,0.8043
MH022布歇- (14).tif,洛可可艺术,67.6784,22.2664,0.2779,98.9511,29.9625,20.0777,15.1189,0.899,0.9437,0.2599,0.7783
MH022布歇- (15).tif,洛可可艺术,57.9013,38.6534,0.2944,274.0327,31.8953,11.4572,18.555,1.2034,0.9082,0.2008,0.7281
MH022布歇- (16).tif,洛可可艺术,58.6542,34.0494,0.2817,258.828,28.2625,10.8031,13.3706,0.6854,0.9451,0.2452,0.8131
MH022布歇- (17).tif,洛可可艺术,64.0022,25.288,0.2382,146.8651,25.9198,13.932,10.4277,0.6872,0.9353,0.2373,0.7919
MH022布歇- (18).tif,洛可可艺术,58.161,37.1019,0.2079,239.9024,28.4223,12.3722,7.1199,0.4687,0.9308,0.291,0.8338
MH022布歇- (52).tif,洛可可艺术,54.396,31.0656,0.2848,131.2808,24.0274,15.5373,9.0373,0.6102,0.9442,0.2326,0.8058
MH022布歇- (53).tif,洛可可艺术,56.398,47.2043,0.2381,157.4186,34.2246,11.7603,6.6958,0.4476,0.9456,0.2809,0.8401
MH022布歇- (54).tif,洛可可艺术,58.2664,31.0827,0.243,180.4098,25.4496,17.0134,9.5462,0.7074,0.9232,0.2397,0.7793
MH022布歇- (57).tif,洛可可艺术,60.8006,23.4136,0.2645,200.1022,24.7166,16.4091,10.1426,0.5473,0.9537,0.2731,0.8384
MH022布歇- (58).tif,洛可可艺术,59.9544,32.3027,0.3489,306.6503,32.742,18.1573,32.0802,1.4922,0.9244,0.2021,0.7394
MH022布歇- (59).tif,洛可可艺术,62.0713,28.7348,0.3296,258.3903,31.7864,12.582,29.8012,1.5054,0.9203,0.213,0.7305
MH022布歇- (62).tif,洛可可艺术,47.1185,39.6749,0.5441,273.6763,34.1135,19.159,25.5985,1.7085,0.9407,0.1628,0.6725
MH022布歇- (89).tif,洛可可艺术,63.5823,19.8,0.4202,195.795,31.8911,16.2764,36.7015,1.7807,0.9408,0.2376,0.7347
MH022布歇- (91).tif,洛可可艺术,58.2489,25.7829,0.3402,221.3265,26.3891,19.9275,16.2039,0.9921,0.9441,0.2069,0.7652
MH022布歇- (93).tif,洛可可艺术,60.5124,26.4136,0.2214,161.135,23.3477,11.8296,9.0854,0.5587,0.9322,0.2868,0.8319
MH022布歇- (95).tif,洛可可艺术,67.935,22.3247,0.2956,226.4681,31.5678,23.5299,20.3803,1.1641,0.9359,0.271,0.7675
MH022布歇- (97).tif,洛可可艺术,47.055,51.5697,0.3029,142.4321,32.073,8.7524,8.1037,0.6066,0.9347,0.2441,0.7952
MH022布歇- (98).tif,洛可可艺术,68.078,20.5091,0.2218,104.9535,27.2042,14.9318,11.2107,0.6745,0.9348,0.2789,0.8071
MH022布歇-+(102).tif,洛可可艺术,63.7977,20.3198,0.3536,149.8659,28.0715,23.5913,4.933,0.3929,0.983,0.2198,0.8443
MH022布歇-+(103).tif,洛可可艺术,66.3775,25.7828,0.3012,246.748,31.8348,19.1752,21.696,1.2132,0.9327,0.2286,0.754
MH022布歇-+(104) (1).tif,洛可可艺术,55.7816,32.5706,0.3728,149.7013,29.5102,13.6507,27.4066,1.7368,0.9106,0.1715,0.6767
MH022布歇-+(106).tif,洛可可艺术,62.0235,25.2155,0.3132,157.6691,27.8696,14.3791,30.8404,1.7521,0.8977,0.1897,0.7011
1 (100).tif,印象主义,92.3404,6.3904,0.0381,42.5837,42.9778,5.005,1.6612,0.3021,0.6388,0.5156,0.8588
1 (11).jpg,印象主义,73.4884,11.9003,0.1491,88.9548,26.4622,10.41,5.3977,0.5285,0.9048,0.2925,0.7981
1 (11).tif,印象主义,73.9175,18.0037,0.1981,107.2134,29.8869,6.6258,13.3424,0.883,0.919,0.2685,0.7572
1 (12).tif,印象主义,73.1246,8.3897,0.1332,25.2419,24.5431,7.7887,4.394,0.2788,0.938,0.4678,0.894
1 (14).tif,印象主义,90.5957,9.4707,0.0812,39.9689,42.066,6.9601,3.0548,0.2446,0.9105,0.5264,0.8953
1 (16).tif,印象主义,88.0708,12.3186,0.1018,2.3775,39.6549,5.7512,2.5617,0.2121,0.9483,0.4958,0.9061
1 (17).jpg,印象主义,72.852,14.3596,0.1069,161.268,26.8708,10.7263,2.7656,0.3166,0.89,0.3777,0.8616
1 (19).tif,印象主义,93.5157,17.5174,0.015,4.6006,46.6527,1.0974,0.5672,0.1924,0.5927,0.6435,0.9053
1 (2).tif,印象主义,71.0366,16.138,0.1554,70.2925,25.7697,9.2326,12.0782,0.6623,0.8793,0.3545,0.8334
1 (20).jpg,印象主义,67.6001,14.4142,0.1764,119.0978,22.6955,9.1769,10.2405,0.9273,0.8591,0.2377,0.7232
1 (20).tif,印象主义,83.246,16.5677,0.0796,58.0764,36.9972,6.5432,1.4632,0.1617,0.9249,0.51,0.9262
1 (21).jpg,印象主义,83.6103,10.1406,0.133,70.7664,36.0652,12.5777,4.9652,0.3807,0.9347,0.3753,0.8547
1 (21).tif,印象主义,70.2247,16.6043,0.1613,14.7411,24.5512,7.4403,2.2426,0.2958,0.9503,0.3676,0.869
1 (22).tif,印象主义,71.1051,23.2569,0.1329,45.4666,28.1257,8.5913,0.5945,0.1397,0.9665,0.3971,0.9311
1 (23).jpg,印象主义,61.0463,6.8708,0.0871,16.55,12.1261,3.1259,2.8739,0.29,0.8028,0.524,0.8741
1 (24).tif,印象主义,79.2079,16.5761,0.0965,128.4902,33.2907,6.8811,6.6331,0.5845,0.793,0.3494,0.7907
1 (25).tif,印象主义,77.2547,7.4565,0.1537,60.758,29.2301,11.3958,7.7543,0.5283,0.9215,0.3583,0.8279
1 (26).jpg,印象主义,70.0919,15.1607,0.1256,8.5556,22.9264,4.425,5.8098,0.7193,0.801,0.3044,0.7462
1 (27).tif,印象主义,73.6223,15.4751,0.2189,142.7822,29.3178,9.4551,26.0426,1.3831,0.8823,0.2462,0.7419
1 (28).jpg,印象主义,92.089,7.0288,0.0779,60.267,43.2855,5.2095,7.1849,0.4193,0.8287,0.6148,0.8691
1 (29).tif,印象主义,90.1673,5.4622,0.0763,37.733,40.9697,7.7111,3.62,0.259,0.9003,0.5049,0.9039
1 (3).tif,印象主义,69.4681,23.7611,0.1798,188.7495,28.8702,9.3333,11.1518,0.7866,0.8898,0.2651,0.7696
1 (30).jpg,印象主义,91.5149,7.5625,0.0871,75.045,42.9274,5.509,9.1679,0.5332,0.8151,0.5542,0.8426
1 (30).tif,印象主义,76.7972,14.6254,0.1424,66.7577,30.3089,5.1707,10.3986,0.6516,0.8815,0.2937,0.8048
1 (31).jpg,印象主义,78.0555,10.5429,0.1322,84.6832,30.6721,9.323,14.8429,0.7807,0.8395,0.3284,0.8109
1 (31).tif,印象主义,82.2168,12.1852,0.1117,29.7485,34.0602,5.7454,5.5952,0.4345,0.8911,0.3639,0.843
1 (32).tif,印象主义,90.7825,10.7488,0.0526,94.5904,43.0028,7.6664,2.1092,0.2007,0.8488,0.5439,0.9113
1 (33).tif,印象主义,74.9024,15.4353,0.1763,44.5691,29.0746,5.522,10.3433,0.8326,0.8937,0.2456,0.7594
1 (34).tif,印象主义,81.5267,18.1021,0.1619,158.0284,37.9458,12.267,13.7003,0.7354,0.913,0.32,0.8247
1 (35).tif,印象主义,68.6514,10.3656,0.1776,78.499,22.2082,6.087,17.6249,0.8851,0.8722,0.2957,0.8034
1 (36).tif,印象主义,70.7035,20.3124,0.1438,105.3333,27.184,7.7212,7.9693,0.4675,0.9051,0.3282,0.8492
1 (37).tif,印象主义,76.7202,18.1319,0.1737,130.0776,33.2027,8.9065,14.3668,0.8048,0.9013,0.2802,0.7832
1 (38).jpg,印象主义,93.4563,8.4571,0.0376,41.1665,44.3724,3.8425,1.2599,0.1565,0.7849,0.6456,0.925
1 (4).tif,印象主义,82.6551,10.3328,0.1278,33.9854,34.6162,8.504,2.9004,0.2715,0.9486,0.3642,0.8818
1 (41).tif,印象主义,79.7516,11.5531,0.1505,99.6202,33.5408,9.1288,20.8178,0.679,0.8818,0.4279,0.8826
1 (42).jpg,印象主义,80.943,10.7675,0.1193,119.7475,33.7276,8.7229,8.0633,0.4273,0.9026,0.4023,0.8694
1 (42).tif,印象主义,69.4793,18.3782,0.2323,192.1731,27.8336,12.0861,15.582,0.7817,0.9277,0.3191,0.8211
1 (45).jpg,印象主义,80.3114,12.3469,0.1268,60.9358,32.8864,8.7057,7.3021,0.4205,0.9148,0.3812,0.8642
1 (45).tif,印象主义,73.1208,18.7177,0.154,40.1335,28.7174,6.6621,5.4242,0.3603,0.9374,0.4516,0.8699
1 (46).jpg,印象主义,72.8066,12.8954,0.1738,47.751,27.4145,8.3783,14.8596,0.7753,0.8949,0.3394,0.8049
1 (47).jpg,印象主义,80.8089,8.0289,0.142,53.1198,32.7451,8.5096,6.5716,0.3659,0.9394,0.3832,0.8788
1 (48).jpg,印象主义,59.7366,19.6699,0.4291,144.2586,28.8601,26.0461,16.9451,0.9134,0.9697,0.2383,0.781
1 (48).tif,印象主义,84.0729,11.3601,0.0651,49.3919,35.8373,5.8782,1.4295,0.1815,0.875,0.5036,0.9135
1 (49).jpg,印象主义,83.1074,9.6733,0.1615,97.9632,36.5473,7.8941,8.4081,0.4246,0.9485,0.4179,0.8731
1 (50).jpg,印象主义,81.88,9.3935,0.1533,81.5195,34.6432,6.8518,8.2004,0.3875,0.9471,0.388,0.8817
1 (51).tif,印象主义,83.5451,14.3238,0.0776,43.2539,36.4028,6.3018,1.2884,0.1844,0.9075,0.4707,0.9129
1 (53).tif,印象主义,75.6446,20.8188,0.0875,94.4359,30.9646,7.6595,5.0903,0.4538,0.7861,0.3973,0.829
1 (54).tif,印象主义,83.6019,8.501,0.0969,44.8452,35.2748,8.2277,2.0372,0.1744,0.9448,0.5328,0.9238
1 (58).tif,印象主义,70.506,25.2525,0.0972,70.3781,27.9915,4.1685,3.248,0.3955,0.8256,0.3971,0.8302
1 (6).tif,印象主义,82.3019,5.3755,0.1143,29.7501,32.9874,6.6812,4.7866,0.396,0.9053,0.3484,0.8445
1 (61).tif,印象主义,72.8449,11.6408,0.1084,86.7918,25.1983,7.9034,3.7773,0.2673,0.9097,0.4166,0.8955
1 (62).tif,印象主义,69.5915,27.1819,0.1151,169.96,28.8705,12.173,3.329,0.4112,0.8649,0.3537,0.8259
1 (63).tif,印象主义,67.3386,35.937,0.2524,479.2248,35.1848,16.2165,13.5415,0.6213,0.9535,0.2677,0.8375
1 (65).tif,印象主义,78.9557,13.4625,0.1525,117.5482,32.5919,12.4314,8.2635,0.7424,0.8901,0.2854,0.7674
1 (66).tif,印象主义,78.099,28.3136,0.1,228.5705,37.8514,6.943,5.9836,0.6146,0.7898,0.3229,0.7801
1 (67).tif,印象主义,77.7602,12.0856,0.1105,85.152,30.244,7.7718,5.4369,0.4271,0.8736,0.3827,0.8397
1 (68).tif,印象主义,69.7629,13.4502,0.1224,113.6714,22.9193,9.2141,4.4737,0.4346,0.8754,0.331,0.8323
1 (69).tif,印象主义,72.0585,12.2556,0.1231,76.9405,24.7788,6.1706,6.1897,0.6755,0.8179,0.2851,0.7562
1 (70).tif,印象主义,73.5914,15.5679,0.1224,185.1565,27.3544,8.9491,6.6686,0.693,0.8187,0.2839,0.7564
1 (71).tif,印象主义,75.6958,15.9341,0.1178,172.2289,29.7942,11.1834,4.5774,0.564,0.8513,0.2983,0.7785
1 (72).tif,印象主义,78.8175,13.5104,0.0749,116.968,31.3739,6.845,3.0428,0.3726,0.7838,0.4214,0.8397
1 (73).tif,印象主义,72.4062,7.1795,0.1126,38.6034,23.5158,6.8943,5.8245,0.51,0.8416,0.3551,0.8164
1 (74).tif,印象主义,59.5561,8.7784,0.0707,11.9905,11.1158,3.5716,1.1968,0.1625,0.8151,0.5868,0.9235
1 (76).tif,印象主义,71.2266,14.098,0.1647,102.2014,25.3346,10.196,7.6601,0.7886,0.8769,0.2487,0.7388
1 (79).tif,印象主义,78.3864,12.8159,0.106,98.4072,31.597,5.5568,2.4264,0.3128,0.9034,0.3977,0.859
1 (8).tif,印象主义,81.0151,11.0254,0.1489,80.085,34.1656,12.3545,11.5122,0.6921,0.8936,0.494,0.8231
1 (80).tif,印象主义,76.1001,8.7143,0.093,47.4609,27.4362,4.354,3.4688,0.4772,0.8033,0.343,0.7975
1 (81).tif,印象主义,76.8993,12.3042,0.1085,80.2508,29.531,5.7956,4.8444,0.5631,0.8324,0.3012,0.7816
1 (84).tif,印象主义,76.317,7.7856,0.1498,33.555,27.6364,7.4178,5.6486,0.3596,0.9402,0.3455,0.8697
1 (88).tif,印象主义,73.5454,18.6716,0.0935,28.9208,27.6465,3.812,3.4197,0.3274,0.8572,0.4046,0.8609
1 (9).jpg,印象主义,64.8032,14.2694,0.1459,59.3514,18.7102,8.0398,6.7301,0.4784,0.8846,0.3266,0.8265
1 (9).tif,印象主义,84.814,8.3206,0.0929,29.3897,35.9351,6.3007,2.9944,0.2035,0.9246,0.5593,0.9158
1 (90).tif,印象主义,78.2773,10.3298,0.1156,60.8042,29.7556,5.224,3.4688,0.3047,0.9228,0.3461,0.871
1 (95).tif,印象主义,84.7997,11.3027,0.1448,100.0547,37.5504,5.033,11.1659,0.7449,0.8905,0.3994,0.7911
1 (98).tif,印象主义,90.1646,9.8882,0.071,91.9535,41.8631,5.4125,3.4988,0.2303,0.8805,0.6296,0.9123
1 (100).tif,现实主义,68.0705,38.8881,0.219,66.3182,36.9008,7.9348,28.3526,2.3348,0.77,0.179,0.6055
1 (101).tif,现实主义,66.1919,33.3921,0.1891,73.7363,30.0279,11.7971,16.4701,1.5379,0.787,0.2027,0.6534
1 (102).tif,现实主义,72.3461,28.6808,0.1908,66.3053,33.7459,7.1348,21.0968,1.5042,0.8296,0.2051,0.6881
1 (104).tif,现实主义,82.7973,20.0359,0.173,48.1843,38.8914,16.0693,4.5067,0.2828,0.9709,0.4952,0.9001
1 (105).tif,现实主义,69.1389,23.0603,0.1887,55.5032,27.4599,8.3248,14.3424,1.2134,0.8452,0.2146,0.6939
1 (106).tif,现实主义,76.1472,26.9644,0.1229,66.6797,34.8886,7.9526,9.6025,0.8325,0.7969,0.297,0.7481
1 (107).tif,现实主义,61.1084,34.6452,0.2424,61.5105,28.5822,8.7785,19.5915,1.7966,0.8213,0.1795,0.6319
1 (109).tif,现实主义,67.7164,30.189,0.2391,74.2258,31.7964,12.5774,17.1426,1.4079,0.883,0.184,0.6752
1 (11).tif,现实主义,87.6297,3.8139,0.1823,3.0283,38.321,13.9844,5.8399,0.2483,0.9779,0.6902,0.9327
1 (110).tif,现实主义,70.6795,30.6485,0.1905,56.6685,33.2174,6.1847,21.7683,1.948,0.766,0.1907,0.6264
1 (111).tif,现实主义,73.2832,30.5348,0.1371,86.8673,34.0749,6.7311,13.3093,1.2911,0.7266,0.2362,0.6706
1 (112).tif,现实主义,75.3121,25.9398,0.2318,127.6006,37.4526,17.2779,31.4021,1.7064,0.8794,0.2469,0.7213
1 (115).tif,现实主义,69.7852,23.9945,0.2466,32.2018,29.6994,15.2955,17.4126,0.9945,0.9263,0.2374,0.7784
1 (117).tif,现实主义,70.683,16.2267,0.2139,78.6145,26.2967,17.5286,5.5446,0.4239,0.9597,0.3207,0.8494
1 (118).tif,现实主义,66.9968,34.3043,0.1741,70.7273,32.0843,8.6648,16.0356,1.292,0.7982,0.2188,0.6935
1 (12).tif,现实主义,77.1731,11.8612,0.2377,33.8432,31.8825,19.7898,5.1996,0.3195,0.9793,0.3987,0.8819
1 (123).tif,现实主义,69.7679,33.3962,0.2171,174.4374,36.4695,12.1475,24.4986,1.8536,0.824,0.2055,0.6523
1 (124).tif,现实主义,54.5565,36.3962,0.3483,243.3507,28.4314,15.5688,29.4976,2.4028,0.8533,0.146,0.5978
1 (125).tif,现实主义,62.8662,26.413,0.1601,59.2873,22.9029,6.7888,12.9202,1.3833,0.7075,0.2301,0.6488
1 (127).tif,现实主义,76.3778,12.1767,0.212,135.0895,30.3101,18.9385,7.2138,0.4392,0.9635,0.3008,0.8561
1 (128).tif,现实主义,80.7426,14.6059,0.2242,80.5742,36.227,15.3318,20.201,0.9692,0.9354,0.3855,0.824
1 (129).tif,现实主义,77.9216,19.6474,0.1994,157.6932,36.3083,21.4465,12.8515,0.5696,0.9489,0.3355,0.8797
1 (13).tif,现实主义,81.7822,10.2388,0.1517,9.6911,33.6555,10.8694,5.1387,0.2731,0.9594,0.5273,0.9064
1 (130).tif,现实主义,69.8745,14.1965,0.2333,134.1608,25.9172,19.4735,8.1766,0.5103,0.9579,0.2888,0.8351
1 (133).tif,现实主义,62.7328,44.4433,0.2479,83.9003,36.7325,8.9944,23.3967,2.1157,0.8083,0.171,0.6069
1 (134).tif,现实主义,74.8279,34.462,0.214,190.0171,41.44,19.1446,16.2881,0.9506,0.9191,0.2485,0.7817
1 (135).tif,现实主义,75.3351,19.2332,0.1995,42.2186,30.8906,14.0942,13.556,0.9596,0.9019,0.301,0.7546
1 (136).tif,现实主义,63.6314,37.8205,0.2098,168.3621,31.4572,7.4509,24.2698,1.9151,0.7662,0.19,0.6338
1 (138).tif,现实主义,62.3841,32.5017,0.1707,132.0624,26.2468,6.918,11.2077,0.979,0.814,0.2405,0.7145
1 (139).tif,现实主义,73.8538,12.3675,0.3342,52.3055,33.0124,28.7013,10.0686,0.5266,0.9803,0.4761,0.8669
1 (140).tif,现实主义,48.5639,16.6739,0.2991,77.9501,15.6421,13.0389,10.2888,0.6776,0.9296,0.3287,0.8025
1 (141).tif,现实主义,67.7663,12.2465,0.2374,91.2327,23.8582,15.7436,4.5835,0.3167,0.973,0.2849,0.8764
1 (142).tif,现实主义,77.6586,8.5069,0.2054,20.4241,29.9355,10.7368,15.0169,0.5725,0.9511,0.3475,0.8869
1 (143).tif,现实主义,70.125,6.5492,0.3374,46.7568,29.2103,19.1863,12.3328,0.5396,0.9786,0.3561,0.8542
1 (145).tif,现实主义,79.2483,17.5523,0.2317,54.8453,35.7425,16.7018,11.1624,0.6566,0.9573,0.3568,0.8288
1 (15).tif,现实主义,74.3872,13.2166,0.2061,40.3621,28.3101,16.9927,5.2058,0.3499,0.9672,0.3573,0.8816
1 (19).tif,现实主义,75.1091,15.3777,0.1834,75.1758,28.9999,13.4741,8.5786,0.4361,0.9484,0.2907,0.8709
1 (20).tif,现实主义,77.5597,8.9864,0.1998,8.1712,29.5536,14.7154,5.7223,0.3058,0.9718,0.487,0.9069
1 (21).tif,现实主义,65.3546,7.9047,0.2498,11.9115,19.6107,9.3479,10.8314,0.6364,0.9456,0.2833,0.8304
1 (23).tif,现实主义,75.0531,6.6785,0.1887,21.4517,26.2883,11.0456,5.7334,0.3409,0.9629,0.311,0.8839
1 (24).tif,现实主义,72.7727,10.6306,0.2142,23.6722,25.6994,9.1173,9.522,0.5413,0.95,0.2833,0.8394
1 (25).tif,现实主义,75.976,7.1677,0.2117,29.8807,28.0823,13.2721,10.8198,0.4938,0.9569,0.4179,0.8736
1 (28).tif,现实主义,74.1902,10.0652,0.1789,12.4858,26.1229,14.2414,2.6052,0.197,0.9744,0.4159,0.9202
1 (29).tif,现实主义,70.268,15.5985,0.3085,58.8606,29.2008,12.9363,18.1581,0.9304,0.9545,0.2725,0.7974
1 (30).tif,现实主义,82.6873,7.9399,0.2243,32.534,36.4909,14.3421,13.8871,0.7737,0.9503,0.3775,0.8191
1 (31).tif,现实主义,67.9142,6.3991,0.2314,31.1584,21.0021,7.0978,5.1843,0.3664,0.9663,0.3323,0.8645
1 (32).tif,现实主义,70.8901,4.4639,0.2181,8.6783,22.8003,10.5843,11.3953,0.7118,0.935,0.2459,0.8047
1 (33).tif,现实主义,80.9922,9.4112,0.2206,127.7322,34.2969,16.6314,9.5214,0.4201,0.9695,0.4222,0.8843
1 (35).tif,现实主义,70.212,7.9111,0.2632,20.1351,24.1015,15.9794,7.7407,0.4026,0.9745,0.3779,0.8847
1 (36).tif,现实主义,85.1487,6.0856,0.1583,39.0897,36.0763,11.8649,7.8889,0.3633,0.9579,0.4474,0.8971
1 (37).tif,现实主义,82.7602,6.7644,0.179,39.663,34.3912,10.8128,10.873,0.5344,0.9528,0.3424,0.8658
1 (38).tif,现实主义,95.2161,1.6105,0.0989,3.5687,45.5979,4.7024,4.1341,0.1451,0.97,0.5936,0.9692
1 (40).tif,现实主义,95.4711,2.1209,0.1099,12.9134,46.0253,6.6101,12.5297,0.3998,0.9322,0.6397,0.9321
1 (41).tif,现实主义,83.3327,6.1171,0.197,27.2795,34.4191,9.9915,9.7269,0.4295,0.9678,0.3636,0.8944
1 (42).tif,现实主义,93.0586,2.0735,0.1688,13.6409,44.6496,9.0838,9.8906,0.3505,0.9721,0.6599,0.9357
1 (44).tif,现实主义,83.0866,9.6328,0.1951,75.0203,35.7146,8.6867,8.6512,0.3753,0.9723,0.3662,0.9005
1 (45).tif,现实主义,84.6691,5.7387,0.1946,14.9355,36.026,10.7783,6.5968,0.2911,0.9788,0.4487,0.9274
1 (47).tif,现实主义,87.3198,6.0017,0.1949,40.5732,39.0139,8.3229,8.1385,0.3216,0.9787,0.524,0.9331
1 (48).tif,现实主义,74.6568,14.9,0.2022,56.4115,29.2044,13.0474,8.6887,0.4818,0.9561,0.3598,0.8632
1 (5).tif,现实主义,76.9695,7.0421,0.2889,27.3635,31.1008,17.0643,5.8815,0.3243,0.9849,0.4699,0.8959
1 (50).tif,现实主义,69.2262,3.4956,0.1498,5.9463,19.873,6.9941,5.6493,0.3743,0.9264,0.341,0.8764
1 (51).tif,现实主义,73.0834,13.362,0.2313,42.011,28.1632,10.3096,13.7131,0.6845,0.9497,0.2542,0.8461
1 (52).tif,现实主义,66.5413,6.8591,0.2476,11.1796,18.4224,9.1679,8.1038,0.6243,0.9484,0.2796,0.7879
1 (55).tif,现实主义,84.4906,3.3326,0.2697,22.4348,37.6209,14.3733,11.3557,0.425,0.9836,0.5659,0.9052
1 (56).tif,现实主义,83.2462,3.3911,0.2123,8.5512,34.7907,11.7287,14.2862,0.6003,0.9609,0.4419,0.8755
1 (57).tif,现实主义,82.8169,4.8554,0.2096,22.6152,34.3214,11.4446,10.682,0.4397,0.9708,0.4026,0.8966
1 (58).tif,现实主义,72.5684,12.7998,0.26,48.5211,27.8061,18.2101,8.4056,0.4773,0.9719,0.3079,0.8603
1 (59).tif,现实主义,81.3743,6.1418,0.2082,8.9128,33.9082,15.2739,6.7344,0.2631,0.9784,0.6821,0.9326
1 (60).tif,现实主义,76.5829,3.6611,0.2243,12.7852,27.7377,15.7113,9.2985,0.4761,0.9649,0.3237,0.8629
1 (61).tif,现实主义,77.3868,8.8818,0.2421,35.8163,30.5369,11.6584,7.0082,0.3545,0.9808,0.4151,0.9054
1 (62).tif,现实主义,77.2295,10.4052,0.2307,30.7921,31.2481,11.8819,19.5584,0.9003,0.9387,0.2956,0.8201
1 (63).tif,现实主义,73.6546,8.2527,0.1807,20.6699,25.6129,11.4338,7.3502,0.4443,0.9452,0.3086,0.8595
1 (64).tif,现实主义,75.9228,14.9266,0.2654,101.8048,33.4309,17.096,5.2288,0.3061,0.985,0.3649,0.8965
1 (65).tif,现实主义,82.5552,6.2061,0.209,43.8061,35.6569,13.4663,14.2803,0.6247,0.9554,0.4273,0.8773
1 (66).tif,现实主义,68.3348,25.7776,0.1493,87.2753,27.4266,7.599,7.4821,0.8579,0.8231,0.2529,0.7243
1 (67).tif,现实主义,56.3007,27.6924,0.2991,178.0871,23.7461,8.7109,26.6731,2.2096,0.8278,0.1605,0.6052
1 (68).tif,现实主义,60.9004,17.6924,0.2063,50.4959,18.3552,7.9696,14.1853,1.2747,0.825,0.2261,0.6792
1 (7).tif,现实主义,50.4722,18.4762,0.2194,28.2374,14.0573,5.1575,10.3911,0.8908,0.8447,0.2732,0.7376
1 (70).tif,现实主义,54.781,35.7101,0.1682,54.2188,22.9474,9.9505,6.5597,0.5956,0.8528,0.319,0.7941
1 (73).tif,现实主义,62.9039,23.192,0.2416,85.5207,23.0396,6.7073,18.5076,1.4141,0.8655,0.1979,0.6743
1 (75).tif,现实主义,61.9255,26.5018,0.1862,96.4572,23.0011,8.2442,15.1951,1.3519,0.7796,0.2145,0.6717
1 (77).tif,现实主义,61.7855,16.2055,0.2466,50.1267,20.17,6.794,24.496,2.1205,0.801,0.1839,0.6181
1 (78).tif,现实主义,74.5793,19.9859,0.1266,23.8635,29.9391,5.9587,8.5347,0.705,0.8323,0.3825,0.7779
1 (79).tif,现实主义,66.358,21.9726,0.1548,38.9702,23.2267,4.4575,14.5409,1.3071,0.7336,0.2378,0.6868
1 (8).tif,现实主义,74.1721,10.4943,0.2662,38.2248,29.2251,10.8966,5.4929,0.2535,0.9853,0.3695,0.9229
1 (80).tif,现实主义,69.5186,11.8923,0.1965,97.1742,23.3586,15.5981,9.2912,0.5205,0.9391,0.2895,0.8329
1 (84).tif,现实主义,69.5419,28.3601,0.1426,56.9048,29.4973,4.6736,12.7242,1.0681,0.7694,0.2682,0.7118
1 (86).tif,现实主义,68.0232,34.35,0.2065,151.5631,34.4841,9.9145,20.2089,1.2839,0.8582,0.2156,0.7119
1 (87).tif,现实主义,68.164,20.5415,0.193,52.6534,25.0302,12.5243,7.2723,0.5755,0.9293,0.3214,0.8092
1 (88).tif,现实主义,83.9439,10.1384,0.2258,96.8325,38.828,19.3862,19.1143,0.9412,0.9372,0.5292,0.8199
1 (89).tif,现实主义,76.2364,23.2013,0.2027,137.6395,35.9618,13.6266,30.329,1.6465,0.848,0.2638,0.7206
1 (90).tif,现实主义,69.0988,29.0561,0.1821,54.3879,30.3486,5.6184,21.4585,1.8092,0.7517,0.1979,0.6288
1 (92).tif,现实主义,67.8609,25.2914,0.1639,39.7423,26.2101,6.458,8.4908,0.7568,0.8679,0.2557,0.7594
1 (93).tif,现实主义,67.2883,33.6096,0.1425,242.7839,30.7351,9.9759,9.3547,0.9165,0.7871,0.2551,0.721
1 (95).tif,现实主义,69.4267,36.4601,0.1607,61.9304,35.1213,7.4162,18.1141,1.6846,0.7084,0.2164,0.6372
1 (96).tif,现实主义,50.996,37.9243,0.4155,72.7893,29.3052,9.7046,33.7452,3.1259,0.8462,0.1268,0.5442
1 (97).tif,现实主义,73.7348,24.1902,0.1155,100.3146,31.4468,7.3323,12.5406,1.0052,0.7121,0.2984,0.7233
1 (98).tif,现实主义,62.0758,19.9531,0.2395,73.0263,21.6069,10.8543,22.4463,1.4792,0.8517,0.2174,0.703
20700元成交！王雪涛 《菊石图》市场分析_1_得鉴古～意更浓_来自小红书网页版.jpg,水墨文人画,87.8351,1.9555,0.1764,1.2532,38.1474,5.2738,20.7173,0.685,0.9332,0.6427,0.894
2e6a0fca977dbdc371fc95fc158d54de.jpg,水墨文人画,85.3555,7.9125,0.0566,0.7534,36.0441,1.1482,6.3297,0.392,0.7366,0.5862,0.8699
4c9dd0dd41c6368ca706cb87ab0a42fb.jpg,水墨文人画,85.865,6.816,0.0482,1.204,36.3555,1.3402,5.003,0.3244,0.7233,0.6427,0.8889
54dcab869ccc91584d0ca7be1038f459.jpg,水墨文人画,78.2191,6.2811,0.1287,1.7783,29.0007,3.8735,18.1489,0.6737,0.8559,0.7082,0.8872
_1_闲闲_来自小红书网页版.jpg,水墨文人画,87.163,8.1153,0.1251,2.4916,38.5053,3.2467,21.7526,0.6782,0.8677,0.7628,0.9197
ff66262aaf4d20094b168f311d3543fa.jpg,水墨文人画,84.9716,8.2016,0.0709,2.0093,35.7267,2.2061,7.8946,0.3974,0.8062,0.5667,0.8787
lQDPJw93ybrdNJXNH0DNCCOwHe4oe-8wB30JdxUxtkZ0AA_2083_8000.jpg,水墨文人画,80.0946,6.54,0.1347,1.3981,30.7169,3.9301,13.0474,0.606,0.8719,0.6152,0.8755
lQDPJwFBzx7BcyXNGxLND6qwB7vi-P7OiS4JdxDMmIGKAA_4010_6930.jpg,水墨文人画,84.799,7.8557,0.0676,1.0714,35.459,2.6835,3.7915,0.2822,0.8551,0.5395,0.8921
lQDPJwKuhEQ3IAXNF3DNB_Sw-JJQmXJ-ukIJd_WAs1jyAA_2036_6000.jpg,水墨文人画,85.159,8.8644,0.0522,1.1987,35.9998,1.3823,5.2321,0.3821,0.7123,0.5331,0.8668
lQDPJwNjgXgmexXNAu_NJxCwXWFnRrxvo4kJdxUlQ0lRAA_10000_751.jpg,水墨文人画,87.8196,6.6543,0.0569,0.3576,38.3125,1.3945,7.5436,0.4156,0.6573,0.8,0.919
lQDPJwR0Wr-TuVXNH0DNCy2wi-a3YN_zrioJdxUKZoUGAA_2861_8000.jpg,水墨文人画,80.6963,3.05,0.1541,3.7469,31.1111,3.1008,28.668,1.1083,0.8455,0.4837,0.8569
lQDPJwY7GiPYnFXNEvnNFnawO4myY6WCJf8JdxUNiEN7AA_5750_4857.jpg,水墨文人画,91.7613,6.3734,0.0649,1.51,42.176,2.2313,9.4422,0.4012,0.7946,0.5694,0.899
lQDPJwb6GIktABXNElnNB9CwlEBKr8hqkUUJdxUqi4l9AA_2000_4697.jpg,水墨文人画,75.9636,6.2715,0.0945,1.4657,26.4465,3.8143,9.4546,0.4962,0.8033,0.5381,0.858
lQDPJwdeI-prSiXNHn7NC7iw2SDcLJ8H4YgJdxC9vs_QAA_3000_7806.jpg,水墨文人画,81.3752,8.6087,0.1498,4.0915,32.7113,5.5697,10.9901,0.3995,0.9489,0.7099,0.9139
lQDPJxGZfAXjMJXNEy3NB9CwX5gk3gheCvkJdxUt6IweAA_2000_4909.jpg,水墨文人画,86.3879,11.4892,0.057,2.1543,37.7925,2.6859,5.2079,0.3182,0.7578,0.6582,0.8944
lQDPJxLr0TtTVAXNF3DNE6iwM7a5xjpQfC0Jd_WEuvE4AA_5032_6000.jpg,水墨文人画,88.1135,5.4699,0.0317,0.9802,38.4339,1.3396,2.1258,0.1458,0.6822,0.8035,0.9408
lQDPJxO8F0NLnAXNFynNC5mwUSn66G3BMgIJd_V8nLLUAA_2969_5929.jpg,水墨文人画,84.7303,6.7345,0.0601,1.3616,35.2063,2.5989,4.5564,0.3289,0.7954,0.5196,0.8773
lQDPJxO9ADBgxoXNC7jNBzawy1oIqiH1Y1kJd_WLLwHBAA_1846_3000.jpg,水墨文人画,88.7279,7.4663,0.0815,2.2581,39.4239,3.385,9.032,0.3438,0.8415,0.7744,0.9125
lQDPJxS51wm-g4XNDDTNDtywEa2946W6LWsJd_WHtjJyAA_3804_3124.jpg,水墨文人画,87.9195,10.4028,0.0509,1.411,39.0334,1.3393,6.7008,0.2838,0.7068,0.7927,0.9215
lQDPJxSgX8eww4XNC7jNB2mwt3q51xJ9AngJd_WIdE9kAA_1897_3000.jpg,水墨文人画,90.7063,6.5522,0.0549,4.7872,41.2229,1.7148,6.4147,0.2996,0.7177,0.743,0.8994
lQDPJxUm-satUhXNEQfNB9Cwqb_BNXPoEWkJdxUVsl2NAA_2000_4359.jpg,水墨文人画,83.6056,4.0424,0.1191,3.0536,33.8054,4.697,13.4235,0.6261,0.8537,0.4678,0.8481
lQDPJxYUW31xcoXNH0DNDwawOI4kMj13EFUJd_WGhfc7AA_3846_8000.jpg,水墨文人画,89.1004,9.8576,0.0851,6.5157,40.1167,3.3814,8.9663,0.3712,0.8423,0.6939,0.897
lQDPJxb_6sObUgXNFCLNCluwsWen0ko1CtUJd_WCkhM-AA_2651_5154.jpg,水墨文人画,86.9755,8.6011,0.0376,1.5869,37.7428,1.0125,2.4856,0.2048,0.7164,0.7111,0.9186
lQDPJxgHq7V-59XNH0DNDPawurMJ2fhaZRUJdxUE2ScmAA_3318_8000.jpg,水墨文人画,78.7649,3.2652,0.1406,1.3908,28.8972,4.7422,15.7744,0.7289,0.8824,0.446,0.8423
lQDPJxrWK8hbcRXNEETNB9Cw2xMtIFzrcOYJdxUUckrAAA_2000_4164.jpg,水墨文人画,75.864,8.8448,0.1327,7.3574,27.8623,3.0391,21.2356,0.8614,0.8277,0.4858,0.8539
lQDPJxvwHTxRDxXNF2PNDZCw2o-J841Kpm4JdxUSxGdNAA_3472_5987.jpg,水墨文人画,81.5117,9.3786,0.2071,9.7749,35.4874,9.2112,33.9636,1.0825,0.914,0.5996,0.8751
lQDPKGVJAHMsFYXNC7jNB0uwL7IB6L47es0Jd_WJ_PO3AA_1867_3000.jpg,水墨文人画,88.754,6.7853,0.0675,2.6151,39.2871,2.1613,5.9729,0.1992,0.8555,0.7577,0.9426
lQDPKH4kvFyAjRXNF3DNDhOwh4x7xZnoHQkJdxUQi11EAA_3603_6000.jpg,水墨文人画,84.9049,5.0327,0.0763,0.4641,35.2925,1.3338,12.8104,0.7203,0.6915,0.5386,0.8353
lQDPKHPOG1NQGlXNDFXNDxCwS35qRD-MKIYJdxULrdkrAA_3856_3157.jpg,水墨文人画,90.0531,10.5713,0.0771,4.385,41.3772,3.0714,9.4642,0.3378,0.8385,0.7431,0.9247
lQDPKHVX6ukKPQXNFDjNCS-wB3hhpdg1rUsJd_V-G2RoAA_2351_5176.jpg,水墨文人画,81.2949,9.7686,0.064,1.6388,32.3142,1.5155,5.5446,0.2511,0.7909,0.7847,0.9303
lQDPKHtNI-ZkEpXNGxLND6qw3H3LgH17hQIJdxUvtHFsAA_4010_6930.jpg,水墨文人画,84.7618,7.8325,0.0681,1.0452,35.418,2.7199,3.8213,0.2822,0.857,0.5396,0.8919
lQDPKciLvkPg9lXNF3DNC8uwykyhBvwDDEsJdxUHvqt0AA_3019_6000.jpg,水墨文人画,87.8706,4.4212,0.1301,1.5532,38.1629,3.9345,30.8663,1.3998,0.79,0.4969,0.7929
lQDPKdFtewmKXVXNEvLNFnaw7994TZ3xQcEJdxUO2RyOAA_5750_4850.jpg,水墨文人画,92.2129,5.9456,0.0641,2.7034,42.5993,3.0922,8.3676,0.4217,0.7742,0.6149,0.8851
【名家作品】郑板桥 竹_1_笙澜墨韵_来自小红书网页版.jpg,水墨文人画,84.4106,9.1638,0.1673,4.6785,36.7789,5.8657,52.7518,2.1581,0.7497,0.5965,0.7957
【名家作品】郑板桥 竹_2_笙澜墨韵_来自小红书网页版.jpg,水墨文人画,88.7005,6.6818,0.1346,3.3383,39.7596,3.2958,45.5046,2.0557,0.705,0.4896,0.768
【名家作品】郑板桥 竹_3_笙澜墨韵_来自小红书网页版.jpg,水墨文人画,83.1387,10.1483,0.2003,10.8141,36.4497,6.3304,50.1434,2.0751,0.8261,0.6259,0.8096
【名家作品】郑板桥 竹_4_笙澜墨韵_来自小红书网页版.jpg,水墨文人画,84.1622,10.3145,0.159,8.3925,36.8703,5.8352,38.1355,1.6623,0.7928,0.4979,0.7832
中国画-管道昇_2_我给艺术家看大门_来自小红书网页版.jpg,水墨文人画,84.6583,9.6693,0.0655,1.883,35.6611,2.6545,5.5519,0.3941,0.7841,0.5066,0.8622
中国画-管道昇_5_我给艺术家看大门_来自小红书网页版.jpg,水墨文人画,79.4592,13.26,0.1035,3.6863,31.4368,4.3534,7.4005,0.2706,0.9007,0.6901,0.9175
中国美术史—徐渭《墨葡萄图》_1_肆de头秃日常（学习ing）_来自小红书网页版.jpg,水墨文人画,87.6248,4.9131,0.1354,2.9369,38.4165,4.6285,24.9786,0.9396,0.8629,0.4699,0.86
元—顾安《竹石》系列 12 帧，收藏学习！_10_柳川书画_来自小红书网页版.jpg,水墨文人画,78.4649,11.8877,0.1055,2.9668,30.2899,2.9477,11.9938,0.5897,0.8173,0.5154,0.8535
元—顾安《竹石》系列 12 帧，收藏学习！_12_柳川书画_来自小红书网页版.jpg,水墨文人画,80.2209,13.2142,0.0945,7.1796,32.1382,3.1582,14.0714,0.5381,0.7834,0.7285,0.8867
元—顾安《竹石》系列 12 帧，收藏学习！_13_柳川书画_来自小红书网页版.jpg,水墨文人画,84.2017,10.5464,0.0891,3.8758,35.4873,2.9429,12.815,0.5976,0.8,0.5364,0.8414
元—顾安《竹石》系列 12 帧，收藏学习！_5_柳川书画_来自小红书网页版.jpg,水墨文人画,84.1257,13.6202,0.0842,4.2242,36.1054,3.2482,11.2387,0.5188,0.8095,0.5784,0.8793
元—顾安《竹石》系列 12 帧，收藏学习！_9_柳川书画_来自小红书网页版.jpg,水墨文人画,78.0456,10.2014,0.0788,4.0344,29.2091,3.3384,5.8563,0.339,0.8255,0.5087,0.8829
元代著名画家、鉴藏家——柯九思_1_丢丢_来自小红书网页版.jpg,水墨文人画,79.3453,11.9967,0.0841,4.3423,31.0031,3.1835,7.6947,0.3414,0.8357,0.6499,0.9002
元代著名画家、鉴藏家——柯九思_9_丢丢_来自小红书网页版.jpg,水墨文人画,81.3141,8.3974,0.1305,2.1554,32.7912,3.3259,18.5495,0.6609,0.872,0.579,0.881
換個角度，墨竹圖有驚喜_1_一直在台北_来自小红书网页版.jpg,水墨文人画,76.6812,15.9808,0.1159,17.0822,29.5099,5.6734,10.0157,0.4948,0.8781,0.5361,0.8693
李衎 四清图_7_古今堂前燕_来自小红书网页版.jpg,水墨文人画,85.2321,11.7704,0.0573,2.0378,36.7014,1.9803,4.458,0.3619,0.7419,0.5636,0.8766
李衎作品（三）_4_5_留得残荷听雨声_来自小红书网页版.jpg,水墨文人画,79.1344,8.8287,0.1453,3.753,30.8088,3.5029,29.9616,1.2705,0.777,0.6472,0.8177
李鱓 水墨兰竹_13_石头_来自小红书网页版.jpg,水墨文人画,82.8386,8.102,0.17,3.6202,35.2101,5.4769,23.9598,0.8354,0.9112,0.6526,0.8815
李鱓 水墨兰竹_15_石头_来自小红书网页版.jpg,水墨文人画,83.9307,7.8219,0.1759,3.5979,36.127,5.0763,35.4903,1.1449,0.8813,0.6735,0.8819
李鱓 水墨兰竹_17_石头_来自小红书网页版.jpg,水墨文人画,84.9342,8.2366,0.1197,2.5486,36.2566,3.0835,18.2555,0.641,0.8721,0.6831,0.8977
李鱓 水墨兰竹_2_石头_来自小红书网页版.jpg,水墨文人画,87.5118,8.0464,0.0686,1.9491,38.3913,1.1831,10.5546,0.3831,0.7863,0.7933,0.9374
李鱓 水墨兰竹_4_石头_来自小红书网页版.jpg,水墨文人画,86.9094,4.8244,0.1369,2.3997,37.4407,3.9809,26.3066,0.7591,0.8679,0.788,0.9135
李鱓 水墨兰竹_6_石头_来自小红书网页版.jpg,水墨文人画,83.8934,7.6317,0.1398,3.5202,35.3391,5.4259,25.2469,0.8253,0.8749,0.6821,0.8858
李鱓 水墨兰竹_8_石头_来自小红书网页版.jpg,水墨文人画,85.2414,8.0022,0.1225,2.588,36.5231,2.842,25.0989,0.8744,0.8309,0.6951,0.875
每天三分钟，人人都是艺术家（87）—柯九思_1_明昭_来自小红书网页版.jpg,水墨文人画,81.9394,11.3971,0.0918,3.2783,33.3915,2.2283,9.0156,0.3736,0.849,0.6502,0.8949
汪士慎 【墨梅册】_10_李超三国画分享_来自小红书网页版.jpg,水墨文人画,91.9373,4.1101,0.1105,1.3309,42.314,3.5344,27.0323,0.9218,0.808,0.7644,0.903
汪士慎 【墨梅册】_11_李超三国画分享_来自小红书网页版.jpg,水墨文人画,88.4493,5.009,0.1733,8.7793,39.7412,6.1043,56.3835,1.9229,0.8241,0.6854,0.8567
汪士慎 【墨梅册】_2_李超三国画分享_来自小红书网页版.jpg,水墨文人画,84.198,4.3812,0.1688,8.2627,34.9818,6.7227,39.1621,1.607,0.8298,0.3707,0.8036
汪士慎 【墨梅册】_3_李超三国画分享_来自小红书网页版.jpg,水墨文人画,94.4653,4.8491,0.0698,1.336,44.8311,1.4142,21.26,0.7533,0.6294,0.8751,0.9292
汪士慎 【墨梅册】_4_李超三国画分享_来自小红书网页版.jpg,水墨文人画,94.4668,4.9613,0.0787,2.7498,44.953,2.5754,23.7555,0.7181,0.72,0.9112,0.9508
汪士慎 【墨梅册】_5_李超三国画分享_来自小红书网页版.jpg,水墨文人画,94.1142,5.065,0.0818,4.1534,44.721,2.1434,30.7985,1.0304,0.6236,0.8522,0.9279
汪士慎 【墨梅册】_6_李超三国画分享_来自小红书网页版.jpg,水墨文人画,90.3673,4.5391,0.1403,2.7357,41.1508,2.7197,45.0661,1.599,0.7849,0.6928,0.8627
汪士慎 【墨梅册】_7_李超三国画分享_来自小红书网页版.jpg,水墨文人画,94.1579,4.4544,0.0901,4.1085,44.7315,2.0208,35.2368,1.1318,0.6574,0.8888,0.9316
汪士慎 【墨梅册】_8_李超三国画分享_来自小红书网页版.jpg,水墨文人画,93.1032,4.9248,0.1024,2.9076,43.6669,3.1523,30.3123,0.9922,0.7662,0.8565,0.9263
汪士慎 【墨梅册】_9_李超三国画分享_来自小红书网页版.jpg,水墨文人画,87.5314,4.3762,0.1573,6.9029,38.1253,7.5108,31.5848,1.1357,0.8746,0.6097,0.8558
沈周 策杖图_1_池兮 💦_来自小红书网页版.jpg,水墨文人画,83.7886,9.53,0.0684,1.3927,34.7845,1.5748,5.5664,0.4381,0.7574,0.4539,0.8402
郑板桥《兰竹图》_1_海滨世界美术博物馆_来自小红书网页版.jpg,水墨文人画,87.4941,11.0868,0.1109,3.644,39.0823,3.5669,21.2971,0.9186,0.7744,0.6403,0.8395
郑板桥的竹_3_小红薯6D17A9DB_来自小红书网页版.jpg,水墨文人画,91.263,2.117,0.1707,2.0219,43.2996,4.505,54.7664,1.7743,0.8391,0.818,0.9023
郑燮 竹石兰蕙图_1_室庐_来自小红书网页版.jpg,水墨文人画,87.8159,5.9724,0.1686,10.1593,39.7753,6.2541,52.1331,1.874,0.8227,0.5433,0.8447
郑燮《竹石图轴》.png,水墨文人画,92.4085,6.1344,0.0628,1.6015,42.8165,1.478,9.4834,0.4356,0.7649,0.6337,0.8866
陈立善《墨梅图》_1_觀隱艺术_来自小红书网页版 (1).jpg,水墨文人画,84.1605,10.1469,0.0541,3.1421,35.2997,1.0397,4.6155,0.2753,0.7232,0.7184,0.9094
0ffa61a744e8293df39b2af646390893.jpg,青绿山水画,85.9102,6.1437,0.0699,1.9471,36.3239,2.5399,4.7934,0.4717,0.6992,0.4578,0.8244
171b98ae6905ee5c7bb49fb86b8ded29.jpg,青绿山水画,79.6184,16.3637,0.0873,8.4446,32.4692,4.1631,2.9918,0.2796,0.8763,0.4618,0.8819
67ae1b58fac89905bdbca850b560c77b.jpg,青绿山水画,83.7882,5.4772,0.1014,5.736,34.1447,4.3963,10.3699,0.761,0.7472,0.4547,0.7919
83c508811b48570f73b0ebfc2ec2da34.jpg,青绿山水画,79.066,12.7031,0.1633,21.2907,31.9948,7.9308,33.6502,1.5937,0.802,0.4344,0.7982
fd7f3d181485343268226dd37c309846.jpg,青绿山水画,83.049,10.548,0.099,9.2093,34.6318,5.2026,7.8521,0.5109,0.8499,0.4929,0.8411
lQDPJw2GS2qN4PXNBl7NHFywWGDUEiR1wW0Jd8di2Dz-AA_7260_1630.jpg,青绿山水画,84.4715,6.4887,0.1027,3.4019,35.0224,5.0439,10.2525,0.5098,0.8523,0.5041,0.8561
lQDPJw3pbgfogPXNChXNDyOwanwfbWtSdF0Jd8d6SBDVAA_3875_2581.jpg,青绿山水画,83.2778,8.2723,0.0855,4.8101,34.0318,3.716,4.9665,0.3102,0.8848,0.4983,0.8848
lQDPJw4DzhNIJXXNCbDNEU2wDD9oh0TqGwgJd8eBxfv7AA_4429_2480.jpg,青绿山水画,83.7112,5.5169,0.1147,3.0413,34.0604,5.7124,7.756,0.3452,0.913,0.5245,0.8967
lQDPJw5m8Hfy5mXNBDLNOpiwIyX9nW6Y6hQJdwhAFi8lAA_15000_1074.jpg,青绿山水画,84.1022,6.4974,0.0671,1.8055,34.5773,3.4216,3.0586,0.3067,0.8125,0.4724,0.8703
lQDPJw7dLJUF50XNEgbNGYyw1Cr6RXmfqq4JdwOKOc5zAA_6540_4614.jpg,青绿山水画,80.6259,7.2276,0.1141,3.2967,31.2417,5.5877,10.1478,0.6173,0.8535,0.3672,0.8189
lQDPJwCOo4EH4XXNCbDNEU2wxewQiCSxAi0Jd8d-WyrCAA_4429_2480.jpg,青绿山水画,84.6124,5.2903,0.1068,2.6415,34.9327,4.2775,6.5937,0.2935,0.916,0.5313,0.9063
lQDPJwEwh1GrAvXNEZ3NDoywLMWU68GzVv0Jd8c4TLIgAA_3724_4509.jpg,青绿山水画,82.1154,8.3047,0.1068,9.1215,33.0883,8.6162,5.7304,0.3432,0.9069,0.4777,0.8843
lQDPJwFMuS2cUjXND_rNDKOwiEpQNpVht3YJd8cfEZ-yAA_3235_4090.jpg,青绿山水画,82.2453,10.9441,0.171,13.4839,34.3452,10.3928,18.4857,0.8302,0.9044,0.4955,0.8404
lQDPJwG6xZHiv3XNChXNDyOwkDLd5ODRrCAJd8d8di2kAA_3875_2581.jpg,青绿山水画,84.5995,7.7957,0.0734,6.1155,35.2863,3.3448,7.0702,0.3663,0.8243,0.563,0.8897
lQDPJwGLeoveafXNC7XNDnSw-dEndIqZPNoJd8c-3OPzAA_3700_2997.jpg,青绿山水画,89.5859,4.957,0.0503,1.8813,39.8517,2.4698,1.7333,0.1658,0.8188,0.6741,0.9246
lQDPJwHCDDB8x_XNEKLNCt-wg-1F3QYXhboJd8dxBoiDAA_2783_4258.jpg,青绿山水画,83.2015,15.5248,0.1468,24.7006,37.2778,7.4832,13.8029,0.6749,0.898,0.4614,0.8406
lQDPJwHKO-B4lTXND_rNDLOwByrud5olulEJd8chKhYJAA_3251_4090.jpg,青绿山水画,81.4263,12.3046,0.1084,29.8548,33.4407,6.7077,8.3324,0.4063,0.8897,0.4296,0.8782
lQDPJwHcbEX-avXND-HNB0ywZzjQPKxKoloJd8ddUMKpAA_1868_4065.jpg,青绿山水画,86.2362,6.8948,0.079,2.0705,36.7807,4.2516,6.9757,0.4466,0.7638,0.554,0.8504
lQDPJwQHNxIRvTXNDyfNESywuOdGGiynf1kJd8cwZCKwAA_4396_3879.jpg,青绿山水画,87.8423,5.5351,0.0722,2.5013,38.1983,3.7322,8.2312,0.4912,0.7036,0.5734,0.8426
lQDPJwUqQPMRtRXNC8rNC7iwn01I1_XUVfgJdxUYtOkTAA_3000_3018.jpg,青绿山水画,78.5878,9.2121,0.1142,12.2474,29.6713,3.4425,6.5956,0.4615,0.8794,0.3678,0.8361
lQDPJwVFicoDG_XNEKLNCt-wFbX3aBnFzx4Jd8d0EqgeAA_2783_4258.jpg,青绿山水画,84.9113,14.6716,0.1323,9.2534,38.0609,4.6948,27.4062,1.1814,0.7833,0.5935,0.8321
lQDPJwYOiUJIDfXNDnzNE-yw1vk7t9YTZCEJd8dJxCf_AA_5100_3708.jpg,青绿山水画,83.475,11.4012,0.1151,13.2753,35.1245,5.3231,14.169,0.7352,0.8261,0.4869,0.8418
lQDPJwb7ATi7IPXNEeLNDquwLdRXDTaA7WEJd8c2ILDAAQ_3755_4578.jpg,青绿山水画,80.1338,8.6465,0.0953,15.7585,31.2734,6.5192,5.5958,0.4038,0.8641,0.4005,0.8574
lQDPJwdVC5x_tHXNCbDNEU2wqZClUzXO_WoJd8eAbaZMAA_4429_2480.jpg,青绿山水画,82.8259,5.0652,0.1167,3.2929,33.1291,5.9633,8.7015,0.4199,0.8938,0.4666,0.8745
lQDPJwdnPELeVuXNFTjNB9CwqvjaspNiSnUJdwg9qFfWAA_2000_5432.jpg,青绿山水画,84.0282,6.2287,0.1288,4.8354,34.744,6.5034,14.1072,0.8813,0.8381,0.3318,0.7811
lQDPJwdyJjeg6bXNDYjNErKw7rFjv88s1AMJd8cqDyOnAA_4786_3464.jpg,青绿山水画,84.6509,8.0301,0.0896,3.9292,35.3424,4.5774,7.9666,0.5224,0.7741,0.4703,0.8326
lQDPJwe5FtZoG-XNDa_NCcSwT4dG9gQ19FoJdwhJ21ZgAA_2500_3503.jpg,青绿山水画,76.2672,12.2216,0.1502,46.8984,28.3186,9.649,7.9838,0.5823,0.911,0.344,0.8102
lQDPJwfLR4U_BHXNEBjNC2ewRJbTzUmA26kJd8dp6LRtAA_2919_4120.jpg,青绿山水画,88.7955,8.514,0.0912,4.7786,39.7223,4.1439,14.4668,0.7996,0.7562,0.4389,0.8235
lQDPJwgNrDv7-vXNEUfNBwuwzMLtmxkwNF4Jd8eK7vJlAA_1803_4423.jpg,青绿山水画,83.609,6.3966,0.0873,3.4286,34.0809,5.5207,7.9627,0.5147,0.805,0.4856,0.8428
lQDPJwhLhMH2OXXNEKLNCt-wqeUK-fLbqfYJd8dvLq53AA_2783_4258.jpg,青绿山水画,84.9328,14.83,0.123,8.6208,38.0656,3.6314,19.7517,0.8106,0.8315,0.5911,0.8734
lQDPJwkbyuEdaWXNDhXNC0KwZtM0P_4yrL0JdwhDt8tOAA_2882_3605.jpg,青绿山水画,81.5525,10.994,0.1172,7.2277,33.1482,5.5596,11.6227,0.7203,0.8361,0.4042,0.8081
lQDPJwl_1lKEguXNDHrNC7iwvSOvYQLbkAoJdwhQ0kbuAA_3000_3194.jpg,青绿山水画,89.6288,7.6562,0.0483,2.1833,40.2471,1.6594,1.5089,0.1616,0.8378,0.6185,0.9245
lQDPJwq1EKTFF3XNElTNCcSwg1guSVXyXwEJd8dWCHuLAA_2500_4692.jpg,青绿山水画,83.7615,10.6259,0.1274,11.9815,35.5373,6.8105,10.7847,0.6426,0.8642,0.4455,0.8145
lQDPJwqZx8XhimXNCOzNDn2wI7QkzG-6oWEJdwhFTaTsAA_3709_2284.jpg,青绿山水画,85.7556,12.2977,0.1137,67.9797,38.4291,9.3746,9.0476,0.5283,0.8748,0.4601,0.8498
lQDPJwqbmWsAUDXND_rNDKuwAc6AOD6qwb0Jd8cdKaFOAA_3243_4090.jpg,青绿山水画,82.8929,10.7021,0.1406,16.9166,34.6968,4.9946,20.041,0.8666,0.8564,0.5352,0.8488
lQDPJwrHQTLDpPXNC_jNCXKwvpfEOP6GTgIJd8eEgY8_AA_2418_3064.jpg,青绿山水画,82.5014,2.8101,0.0933,4.0846,32.6431,4.82,6.5459,0.4234,0.8603,0.4376,0.8515
lQDPJwuPV-5dhxXNBnzNJxCwNJyyzlURaqMJdxU28EpyAA_10000_1660.jpg,青绿山水画,81.7453,9.4749,0.1131,15.332,32.904,4.5818,11.0721,0.7481,0.8062,0.4215,0.8062
lQDPJwwYrXqWDPXNEKLNCt-wZuX_Ju73IX0Jd8d19oHzAA_2783_4258.jpg,青绿山水画,86.6546,15.3406,0.0696,5.5331,39.2826,3.9745,6.7959,0.3573,0.787,0.619,0.9077
lQDPJwyO6WeBenXNDCXNDrSwXbnHZwFzuE8Jd8dDTM9kAA_3764_3109.jpg,青绿山水画,82.3289,7.2037,0.0893,3.3599,32.892,4.8284,6.3506,0.4544,0.8285,0.4208,0.8393
lQDPJwygMR6bGhXNFzfNB9CwX1wsUf9IeKkJdxUkWnZLAA_2000_5943.jpg,青绿山水画,84.1049,6.699,0.0595,1.8989,34.6078,2.0502,3.1795,0.2622,0.8293,0.5222,0.898
lQDPJx-9Rgmq-fXNEKLNCt-wDyTWQfhwn9sJd8dyww0yAA_2783_4258.jpg,青绿山水画,87.5474,13.7336,0.0656,7.4431,39.6471,2.7388,8.0624,0.3858,0.7258,0.6435,0.9091
lQDPJxALIDbbmTXNDYjNEsKwyG2r1aXONT4Jd8ctHOqXAA_4802_3464.jpg,青绿山水画,82.972,8.0993,0.093,6.1243,33.7156,5.5158,7.9073,0.4826,0.8215,0.4607,0.8519
lQDPJxEH9zLLbzXND_rNDKuw6L_Dvk5nJXEJd8cbkUlFAA_3243_4090.jpg,青绿山水画,83.4523,12.0666,0.1307,18.6245,35.5279,5.8433,14.7819,0.6028,0.8896,0.5656,0.8759
lQDPJxGrrKCsIEXNEJDNCm6wfN_FRkNDeFsJdwODnIYAAA_2670_4240.jpg,青绿山水画,87.8438,5.4201,0.0673,4.0453,38.1926,4.1486,4.5553,0.2561,0.8273,0.6814,0.912
lQDPJxH2QNWS1PXNEVbNDk-w_2gsbD6jC5cJd8c6TrHKAA_3663_4438.jpg,青绿山水画,81.3314,5.7838,0.0926,3.708,31.791,6.3528,6.2232,0.4177,0.8596,0.4272,0.8548
lQDPJxM72kPmffXNCfXNDtewAfLIiT9boj0Jd8d21je7AA_3799_2549.jpg,青绿山水画,83.2755,8.9774,0.0774,5.2191,34.1586,4.6766,4.3144,0.2843,0.8755,0.4838,0.8908
lQDPJxM9q8ejlHXNGUjNDaywZiocuY45SfgJd8dTnAyoAA_3500_6472.jpg,青绿山水画,79.2626,8.2278,0.1123,7.5458,30.0598,5.7636,11.5673,0.724,0.802,0.3847,0.7943
lQDPJxPxwFyCwvXNCxHNBvmwlpUIT0HaUnIJd8dOyqDvAA_1785_2833.jpg,青绿山水画,85.7482,9.0912,0.0703,4.263,36.6571,2.9214,4.1435,0.3133,0.8056,0.5056,0.8841
lQDPJxTVIAbVimXNDebNCziwlPuSHuJ97k8JdwhEitb-AA_2872_3558.jpg,青绿山水画,83.1487,10.973,0.0979,8.753,34.6453,4.5274,9.8227,0.6289,0.799,0.4239,0.8267
lQDPJxTwaPSfyfXNDOTND0CwHMiYDC9FBd4Jd8eI3RxFAA_3904_3300.jpg,青绿山水画,91.5809,9.2662,0.0663,2.9239,42.4751,3.1021,6.4314,0.3121,0.8451,0.62,0.915
lQDPJxYvpJE-1fXNIBfNC7iwJwWHAXL_5u4Jd8dRTyGGAA_3000_8215.jpg,青绿山水画,79.2662,10.9953,0.1405,10.4506,30.9454,7.1864,16.0724,0.9111,0.8553,0.4151,0.7941
lQDPJx_YjwlG1vXNCjPNDKSwzRFkSIGjs8gJd8c7gsdlAA_3236_2611.jpg,青绿山水画,89.7947,4.905,0.0445,1.7057,40.0573,1.8277,1.4349,0.1204,0.8161,0.8059,0.9469
lQDPJxfaMiACXLXNH0DNCKCwIbykP-Y-0owJd8cNtahSAA_2208_8000.jpg,青绿山水画,82.2248,2.1844,0.1621,4.0693,32.3506,5.604,17.7228,0.9446,0.8939,0.3727,0.8041
lQDPJxh0zz0uHuXNC9PNCcSwVCM_e6pGyCYJdwhM6LP3AA_2500_3027.jpg,青绿山水画,81.7691,11.1328,0.1025,12.5662,33.1746,6.2304,6.634,0.4422,0.8669,0.431,0.8533
lQDPJxhIPn-EFfXNEODNDg6waoXizsH_2qkJd8eFo9QRAA_3598_4320.jpg,青绿山水画,80.7896,7.7677,0.159,3.0568,32.0815,4.6907,16.2883,0.7816,0.8912,0.4337,0.8221
lQDPJxhrtwAEi2XNCLzNDsWwus8x_Kmfy70JdwhF7OAhAA_3781_2236.jpg,青绿山水画,80.9666,11.4613,0.1364,15.6961,33.1967,6.4897,12.7815,0.6774,0.8782,0.3975,0.8349
lQDPJxijMZ99nvXNBxzNSXCwyEC6D4nk8m8Jd8dfBppFAA_18800_1820.jpg,青绿山水画,84.4985,12.9617,0.0749,5.4293,36.3477,2.7379,5.0308,0.3669,0.819,0.5566,0.8676
lQDPJxl-YdyXNHXNCbDNEU2wuPn8d9UcJB8Jd8eBEUzXAA_4429_2480.jpg,青绿山水画,83.6143,5.5148,0.1169,6.2468,33.9902,7.0566,9.0593,0.4028,0.9004,0.4905,0.889
lQDPJxmFqH38HMXNCx3NBwWw5stqDZN47oAJdwOU3muoAA_1797_2845.jpg,青绿山水画,85.8732,8.5645,0.075,3.7532,36.6987,3.7602,7.3992,0.5413,0.6967,0.4656,0.8324
lQDPJxqosjJGT3XNChXNDyOwE8bffg5JuE0Jd8d7QbKtAA_3875_2581.jpg,青绿山水画,81.3738,7.1497,0.0806,3.8619,31.9405,3.2708,7.3077,0.4773,0.7776,0.4563,0.8406
lQDPJxtDT355QOXNDH_NC7iw6QP5q6F7YXgJdwhOx3TmAA_3000_3199.jpg,青绿山水画,88.7496,7.6032,0.0702,2.3853,39.3589,4.0987,2.4756,0.1838,0.8981,0.6088,0.9224
lQDPJxvMpPtk_3XNFHrNCziw2iCN-VeUxgYJd8dHwLujAA_2872_5242.jpg,青绿山水画,85.3815,6.8313,0.07,9.6211,35.9465,2.824,4.514,0.4627,0.7529,0.3744,0.8128
lQDPJxzvrs1MhnXNDCjNCYmwnexT43hWvg4Jd8eCnOmCAA_2441_3112.jpg,青绿山水画,81.5984,2.6393,0.0891,3.9684,31.7208,4.2284,6.2414,0.4089,0.8506,0.4111,0.8518
lQDPJyAzggQ752XNFx7NB9CwvdRU8lqhO6AJdwhBeAklAA_2000_5918.jpg,青绿山水画,80.471,8.7861,0.0848,8.0519,31.4026,3.5566,6.5184,0.5076,0.7827,0.3987,0.8266
lQDPJyEzE1_E93XNC5zNDlSwUauPtGuEisYJd8dAYFT_AA_3668_2972.jpg,青绿山水画,89.6611,5.1292,0.0471,1.456,39.9467,2.3638,1.6169,0.1795,0.805,0.6526,0.9194
lQDPJyF71gySZ3XNC_jNCY6wE7BXsk_6OVEJd8eDnIDZAA_2446_3064.jpg,青绿山水画,82.2945,3.5166,0.1023,4.2893,32.5316,3.9958,7.1091,0.3823,0.8906,0.4697,0.8737
lQDPJyFNc42GpEXNEd_NC7iwXDXGYmloSuYJdwOHIAhsAA_3000_4575.jpg,青绿山水画,88.2791,4.6425,0.08,2.4048,38.5347,4.2257,4.8689,0.3535,0.8525,0.4839,0.8742
lQDPKG3qKi5LH_XNChXNDyOwsyPliGGL5vUJd8d47XugAA_3875_2581.jpg,青绿山水画,84.8254,6.555,0.0686,3.9638,35.2976,3.5959,4.4017,0.2697,0.8532,0.5721,0.9011
lQDPKG58l7w063XNBlvNB9CwMZubBMC42YMJd8eOeEBqAA_2000_1627.jpg,青绿山水画,82.661,10.4801,0.1295,17.5117,34.251,4.918,14.8045,0.9586,0.8311,0.3132,0.773
lQDPKGPaedD-zmXNDkXNCfCwagClDKlDnSgJdwhICBnLAA_2544_3653.jpg,青绿山水画,80.6018,10.0349,0.1005,12.2647,31.7748,3.3256,6.5472,0.4093,0.8728,0.4744,0.866
lQDPKGSHR3Hn18XNEgXNGZ2wKoQbRQDHcvgJdwONM2S0AA_6557_4613.jpg,青绿山水画,83.112,6.1032,0.1025,1.907,33.548,5.1784,8.9141,0.4944,0.8588,0.4473,0.8476
lQDPKGdOgRQwa3XNDHjNDqSwFql8WwQzgTcJd8dEFS8LAA_3748_3192.jpg,青绿山水画,85.8297,7.2343,0.0694,2.6666,36.3832,4.745,2.8645,0.2254,0.8694,0.6175,0.9079
lQDPKGgoyHrbLXXNDD_NDrSwXsp5X2aefSEJd8dF9FDuAA_3764_3135.jpg,青绿山水画,84.7528,7.906,0.0704,2.9064,35.428,4.8477,4.5789,0.3441,0.8208,0.5548,0.8711
lQDPKGh5uk6NM7XND_rNDK2wXNEHGMcSgRUJd8cjB4YxAA_3245_4090.jpg,青绿山水画,84.9408,12.0748,0.1324,14.3746,37.0054,5.8937,19.9085,0.7343,0.8662,0.6563,0.8829
lQDPKH-HcF6rHeXNC-DNCcSwcqyeJairt4YJdwhKocJZAA_2500_3040.jpg,青绿山水画,80.8445,10.4741,0.1289,15.8655,32.1594,7.3518,6.8145,0.4305,0.9117,0.442,0.8567
lQDPKH52lynKaKXNH0DNCYGw7_z_CXSztqUJdxDUj_c0AA_2433_8000.jpg,青绿山水画,70.0931,7.3899,0.1492,10.4767,20.9316,3.5649,17.0886,1.531,0.7039,0.2469,0.6668
lQDPKHO76p0_rTXNH0DNCQCwwCg7NEk0258Jd8cY9TnxAA_2304_8000.jpg,青绿山水画,81.7878,2.6809,0.1626,3.4964,31.9896,7.1539,20.9685,1.1131,0.8601,0.3799,0.781
lQDPKHPyfJ5QbPXNB9PNB9CwlxlPORHJO8EJd8eL3Dd8AA_2000_2003.jpg,青绿山水画,80.3354,12.6392,0.112,15.1764,32.3481,6.4255,9.0946,0.6672,0.828,0.3861,0.8113
lQDPKHiQ1GILc3XNCbDNEU2wc9zuYUbN9fYJd8d_A1JbAA_4429_2480.jpg,青绿山水画,86.0947,5.4327,0.1096,3.2214,36.4317,4.8042,6.0357,0.303,0.9193,0.5702,0.9012
lQDPKIBioJhBMfXNCwvNBvawrRNYwpRiHeYJd8dNitKDAA_1782_2827.jpg,青绿山水画,84.5896,8.7658,0.0875,4.7572,35.4541,4.4105,9.1924,0.6214,0.7591,0.4697,0.8235
lQDPKIGpIsXnPRXNFY3NC7iwCqYxgyFq6_YJdxUmY8-dAA_3000_5517.jpg,青绿山水画,83.2423,7.5898,0.0616,2.7918,33.8637,1.8851,4.5171,0.3711,0.7518,0.488,0.8564
lQDPKIIpYAv2G7XNDYjNEuWwNy-KfTEXo98Jd8crWmiWAA_4837_3464.jpg,青绿山水画,88.0844,7.2472,0.0736,2.5961,38.6379,3.5452,6.895,0.4068,0.7792,0.5509,0.8672
lQDPKIJFkbEv2XXNGnzNDaywiQb_VvFWx4YJd8dXwvmyAA_3500_6780.jpg,青绿山水画,75.8751,9.7633,0.1422,7.987,27.2628,5.3873,17.9064,1.1059,0.7749,0.4185,0.7604
lQDPKIK7zcfUbfXNB73NB2WwUBKaGCmUf88Jd8eNJxBrAA_1893_1981.jpg,青绿山水画,79.4464,13.1725,0.1167,12.0719,31.6011,6.1633,10.3475,0.7519,0.8191,0.3481,0.7894
lQDPKIQu4IqKEXXNCbDNEU2w2GlAekP70KIJd8d9HSR0AA_4429_2480.jpg,青绿山水画,83.9611,5.6502,0.1092,4.9699,34.3495,6.8037,6.1732,0.3287,0.91,0.5139,0.8895
lQDPKcjCUDg7nzXNDnnNEQiweONZharksUoJd8cxyGFzAA_4360_3705.jpg,青绿山水画,89.3842,7.1422,0.0667,2.0265,39.9273,2.7886,7.3047,0.4709,0.7561,0.4706,0.8425
lQDPKcu-SeD6yGXNDezNCyywuVXRcYvgsZUJdwhCgUcYAA_2860_3564.jpg,青绿山水画,80.4006,9.3997,0.1113,6.5589,31.5419,5.1588,12.9542,0.8589,0.7721,0.3951,0.78
lQDPKdAKxweioeXNDGnNC7iw9RxIMUBxghoJdwhPpur_AA_3000_3177.jpg,青绿山水画,87.2113,7.3856,0.0739,4.0461,37.8108,5.3843,3.8623,0.3078,0.8387,0.5161,0.8736
lQDPKdFlS4-aUTXNEabNDl6wEHVFHxibvnIJd8cz1vjGAA_3678_4518.jpg,青绿山水画,81.3969,8.2483,0.1051,12.0872,32.4146,8.1411,5.7113,0.4025,0.8789,0.4271,0.8599
lQDPKdfJeeCSDWXNDlnNCjGw4v5kqFQAqqQJdwhGz_3kAA_2609_3673.jpg,青绿山水画,81.3358,10.2046,0.1095,10.6277,32.5638,4.8057,6.4241,0.4265,0.8928,0.4341,0.8642
lQDPKdgJJAD_vvXNChXNDyOwxhnLttxs9aYJd8d3eFpHAA_3875_2581.jpg,青绿山水画,83.3134,8.1847,0.0724,8.1051,34.0621,3.7804,3.5661,0.2362,0.876,0.5047,0.9083
lQDPKeEjRAY0RbXND_rNDKiwteRAy-mCHv8Jd8clZ12RAA_3240_4090.jpg,青绿山水画,85.2322,10.3985,0.1136,14.7718,36.5775,4.4029,13.4341,0.5397,0.8658,0.6027,0.8857
lQDPKeUAy8fjn-XNDHnNC7iwv5pFtIrK578JdwhNvtVyAA_3000_3193.jpg,青绿山水画,88.1407,7.6745,0.0618,2.6428,38.7705,4.273,2.2796,0.2136,0.854,0.5685,0.9043
lQDPKeVSpoZ5SqXNH0DNCV6ww7DEUZnN5ywJdxDXOdZHAA_2398_8000.jpg,青绿山水画,80.7083,11.2305,0.1082,21.2178,32.4356,3.5497,10.8024,0.7219,0.7975,0.3949,0.8043
lQDPKeY_Ho9FyLXND_rNDKOwFpbe2g67Y8kJd8cntk8_AA_3235_4090.jpg,青绿山水画,85.8999,13.9202,0.0928,12.0711,38.0946,2.7488,12.6627,0.6421,0.7798,0.5893,0.8448
lQDPKeZtgNpVl_XNFYzNDhCwP1ZSH1OnX5EJd8eG_FFhAA_3600_5516.jpg,青绿山水画,88.4521,7.2761,0.0671,8.6121,39.1596,3.2958,6.7257,0.3293,0.7901,0.5667,0.9174
lQDPKea2Q1gMlnXNEKLNCt-wwS-8j6eGGjYJd8druqEKAA_2783_4258.jpg,青绿山水画,84.9278,14.3043,0.1071,7.6313,37.6437,4.0239,15.5703,0.6645,0.819,0.5595,0.8878
吴历《湖天春色图》_1_觀隱艺术_来自小红书网页版.jpg,青绿山水画,89.1128,8.9386,0.0698,8.7775,40.0909,4.0593,9.7763,0.5891,0.7099,0.454,0.8406
明 仇英《浔阳送别图》_1_画序山房_来自小红书网页版.jpg,青绿山水画,88.8473,10.6142,0.0588,29.8954,40.1698,4.6061,2.2634,0.2048,0.8638,0.5015,0.9095
明 仇英《莲溪渔隐图》北京故宫博物院_1_溪溪猫_来自小红书网页版.jpg,青绿山水画,83.6698,15.1241,0.0943,3.9613,36.2046,5.2593,6.2554,0.3334,0.8969,0.559,0.8967
明四家文徵明《惠山茶会图》高清图_1_刘苗苗书画社_来自小红书网页版.jpg,青绿山水画,82.4878,11.7809,0.0688,3.7158,34.0234,2.0786,3.9496,0.3239,0.8157,0.4807,0.8694
清 王翚 青绿山水《豳风诗意图册》欣赏_10_黛云学国画_来自小红书网页版.jpg,青绿山水画,85.6294,10.2931,0.1274,21.259,37.3178,7.1941,21.0994,1.3192,0.7736,0.3598,0.751
清 王翚 青绿山水《豳风诗意图册》欣赏_11_黛云学国画_来自小红书网页版.jpg,青绿山水画,85.2413,9.497,0.1305,13.312,36.6726,6.3143,20.4657,1.2035,0.7995,0.362,0.767
清 王翚 青绿山水《豳风诗意图册》欣赏_1_黛云学国画_来自小红书网页版.jpg,青绿山水画,83.5835,12.0933,0.1442,70.3565,36.132,7.7535,21.6119,1.3212,0.8104,0.3322,0.7516
清 王翚 青绿山水《豳风诗意图册》欣赏_2_黛云学国画_来自小红书网页版.jpg,青绿山水画,85.6157,11.5804,0.1141,24.7347,37.5155,6.862,15.472,0.9976,0.7808,0.361,0.7786
清 王翚 青绿山水《豳风诗意图册》欣赏_3_黛云学国画_来自小红书网页版.jpg,青绿山水画,88.7033,8.6717,0.1013,13.5037,39.7203,4.9519,17.9575,1.0712,0.7341,0.4494,0.7984
清 王翚 青绿山水《豳风诗意图册》欣赏_4_黛云学国画_来自小红书网页版.jpg,青绿山水画,86.52,8.8943,0.1305,14.352,37.8659,6.567,23.0906,1.2443,0.8002,0.4273,0.7957
清 王翚 青绿山水《豳风诗意图册》欣赏_5_黛云学国画_来自小红书网页版.jpg,青绿山水画,82.5985,10.5285,0.1512,19.5245,34.7167,7.7889,29.3339,1.8677,0.7423,0.298,0.7013
清 王翚 青绿山水《豳风诗意图册》欣赏_6_黛云学国画_来自小红书网页版.jpg,青绿山水画,86.314,13.0934,0.1101,55.4147,38.7077,6.7173,15.19,0.903,0.7983,0.3813,0.8005
清 王翚 青绿山水《豳风诗意图册》欣赏_7_黛云学国画_来自小红书网页版.jpg,青绿山水画,86.7639,11.8794,0.1091,40.1362,38.9161,6.321,17.3786,0.9829,0.7699,0.4359,0.809
清 王翚 青绿山水《豳风诗意图册》欣赏_8_黛云学国画_来自小红书网页版.jpg,青绿山水画,85.7295,8.4319,0.1312,13.7608,37.0107,5.9601,26.6769,1.4599,0.7548,0.3689,0.7637
清 王翚 青绿山水《豳风诗意图册》欣赏_9_黛云学国画_来自小红书网页版.jpg,青绿山水画,84.9467,8.6586,0.128,10.0514,36.1493,6.054,26.3582,1.4725,0.7413,0.3599,0.7653
石涛《山水册》欣赏_1_纤凝77_来自小红书网页版.jpg,青绿山水画,83.5136,9.7538,0.0754,7.6054,34.6799,3.9384,7.1532,0.4235,0.8018,0.4814,0.8681
这幅画，你会为它写什么诗？寻诗启事Vol.5_2_上海图书馆_来自小红书网页版.jpg,青绿山水画,83.5741,4.8861,0.0954,6.1161,33.9155,2.874,7.8846,0.5269,0.8283,0.4538,0.8342
09d5eb0d69a97de69deaeeb62f7f702ad3d4a6ce.jpg,表现主义,60.1688,28.57,0.3382,200.8441,28.569,11.5175,43.4914,2.9831,0.8401,0.2162,0.6096
1067a_lg.jpg,表现主义,79.6239,22.2531,0.2364,121.7907,39.3127,10.8891,27.5724,1.0059,0.9357,0.6177,0.8701
201607151114329wY8weL3_x.jpg,表现主义,66.5611,18.9141,0.227,252.2909,24.0664,11.0601,4.8542,0.2642,0.9745,0.2867,0.8925
20160715111604GjpOza1A_x.jpg,表现主义,78.7217,23.9548,0.1589,249.2444,36.0483,10.7725,5.9545,0.3314,0.955,0.3086,0.8745
20160910173814Qwu30U7K_x.jpg,表现主义,70.3331,24.8767,0.2272,426.2957,30.5328,16.9192,7.0971,0.3604,0.9669,0.3035,0.8716
201609101817497suPneXs_x.jpg,表现主义,69.5414,17.3786,0.1396,90.5551,24.0057,6.8953,3.488,0.2388,0.9452,0.3703,0.8943
201609101824380md8i255_x.jpg,表现主义,75.9648,17.9305,0.1838,242.609,31.5846,14.4321,5.8644,0.313,0.965,0.3486,0.8736
20160911101205Wi2Q7OAg_x.jpg,表现主义,76.2217,12.4472,0.1152,117.0972,28.6718,10.5678,2.9309,0.2621,0.9279,0.3528,0.8803
20160911191749xtqL3DN4_x.jpg,表现主义,77.6647,15.6763,0.1175,128.0495,31.0607,9.1665,2.0818,0.1859,0.9513,0.3798,0.9119
20180731091729YNkc1zSA_x.jpg,表现主义,69.177,35.1385,0.1545,443.2606,33.8019,14.1732,7.2764,0.5446,0.8972,0.2714,0.7908
20200610144720TbcHHjnZ_x.jpg,表现主义,65.5719,41.4042,0.1458,684.7086,34.601,21.8732,2.2893,0.2202,0.9498,0.3579,0.8978
20200610145732mu3qqTOk_x.jpg,表现主义,74.4929,16.0371,0.1262,228.8655,31.0081,10.0093,0.5602,0.0876,0.9794,0.4208,0.9566
20200610152016I9JjmhMT_x.jpg,表现主义,69.7803,41.3539,0.2136,1168.5222,41.7714,25.6643,3.2518,0.193,0.9807,0.3512,0.9195
ARPAJON. 1985.jpg,表现主义,79.1071,11.5142,0.2237,123.8853,33.1673,9.4391,43.8089,2.1355,0.8541,0.3313,0.7501
AlberiPiet Mondrian •  1908.jpg,表现主义,51.2501,17.6167,0.5456,64.365,28.1952,23.4213,73.8689,4.8697,0.8619,0.1684,0.5803
Amsterdam Skyline Viewed from the West (1894–1904)_Piet Mondrian_2934 x 1981px.jpg,表现主义,82.7237,6.1776,0.1142,8.3026,33.2274,5.9639,6.3472,0.4522,0.8915,0.3568,0.8445
"Anthuriums et lys, 1982.jpg",表现主义,72.2671,23.1587,0.2672,169.4985,33.5058,9.1645,50.8,2.8476,0.8224,0.295,0.6835
"Anémones et fruits, 1984.jpg",表现主义,79.1567,8.6642,0.2074,54.4403,31.5193,5.7816,34.2221,1.7519,0.8596,0.3057,0.7451
Anémones oranges sur fond jaune.jpg,表现主义,78.4336,29.474,0.2158,253.0887,41.9849,10.466,42.312,1.7739,0.8618,0.4762,0.7989
Avond (Evening) The Red Tree - Piet Mondrian  1908-1910.jpg,表现主义,63.4192,33.0236,0.1943,219.7743,29.2417,12.1402,12.4217,1.0104,0.8553,0.2475,0.7212
A安塞姆基弗 (2).jpg,表现主义,73.5689,4.1552,0.2487,13.0046,26.1038,8.6413,17.8196,1.2112,0.9153,0.2387,0.7289
A安塞姆基弗 (30).jpg,表现主义,74.4494,2.5454,0.2186,3.7181,26.2617,4.2895,21.9459,1.2319,0.9048,0.2436,0.7558
A安塞姆基弗 (31).jpg,表现主义,66.3729,11.3621,0.3035,101.7213,24.4728,18.2035,10.3017,0.5997,0.9671,0.2759,0.8282
A安塞姆基弗 (32).jpg,表现主义,64.732,7.7593,0.2434,19.0401,19.24,6.7791,35.8836,3.7591,0.6679,0.1444,0.5021
A安塞姆基弗 (35).jpg,表现主义,50.3686,34.8522,0.3119,140.5525,24.4146,7.7785,41.8317,2.7511,0.7554,0.1899,0.619
A安塞姆基弗 (43).jpg,表现主义,63.3924,31.5746,0.2442,371.4221,29.5455,17.358,16.0952,0.831,0.9234,0.2365,0.7984
A安塞姆基弗 (44).jpg,表现主义,73.8207,22.6966,0.2414,261.0784,35.3729,16.55,24.4364,1.1509,0.9189,0.2473,0.7805
A安塞姆基弗 (45).jpg,表现主义,70.8293,16.092,0.2019,117.2914,27.0687,9.8901,14.9716,0.8206,0.9124,0.2449,0.7908
A安塞姆基弗 (56).jpg,表现主义,73.3057,11.4216,0.1887,73.2291,27.2291,8.1269,30.8445,2.4651,0.7189,0.2073,0.593
A安塞姆基弗 (57).jpg,表现主义,68.9765,15.6705,0.2617,46.3196,26.2097,9.5458,30.1266,2.6918,0.8191,0.1493,0.5701
A安塞姆基弗 (79).jpg,表现主义,54.7243,13.3611,0.4109,41.8202,22.3126,19.7674,29.9847,2.2782,0.9007,0.1469,0.6256
A安塞姆基弗 (80).jpg,表现主义,63.4433,16.232,0.2888,132.6948,24.0623,9.2545,38.9286,3.0955,0.7923,0.1554,0.5758
A安塞姆基弗 (82).jpg,表现主义,59.0513,15.1723,0.293,85.0889,20.0354,6.8385,49.4837,4.4558,0.674,0.1336,0.5038
A安塞姆基弗 (89).jpg,表现主义,71.4769,5.5409,0.1874,25.405,23.1371,4.1087,27.844,2.3178,0.7174,0.1847,0.5969
A安塞姆基弗 (9).jpg,表现主义,58.3878,10.8415,0.2983,45.5949,17.5901,6.3184,50.5586,4.4856,0.6723,0.1383,0.5034
A安塞姆基弗 (93).jpg,表现主义,77.6504,3.2938,0.1536,9.1695,28.1882,4.176,20.358,1.4606,0.775,0.2315,0.6956
A安塞姆基弗 (94).jpg,表现主义,72.8584,2.9669,0.2157,7.5422,24.1486,5.9869,17.3757,1.2484,0.8889,0.2087,0.713
"BERNARD BUFFET Farglitografi, numrerad 195300 och signerad.jpg",表现主义,80.2238,21.9638,0.1368,190.7381,36.8043,9.2383,9.6465,0.6703,0.8874,0.316,0.8073
"BERNARD BUFFET Litografi, signerad, numrerad 72150.jpg",表现主义,78.1363,6.1985,0.2002,3.084,30.8954,6.7188,32.6787,2.1867,0.8039,0.3277,0.6728
"BERNARD BUFFET, TROIS ROSES DANS UN VASE.jpg",表现主义,81.5896,17.8301,0.2699,165.7093,41.454,12.387,51.7764,2.3943,0.889,0.3939,0.7417
Bernard BUFFET (1928-1999) 市政厅 黑色石印版画.jpg,表现主义,44.82,7.728,0.8044,17.6614,31.6017,20.0163,53.3731,2.4113,0.9555,0.3736,0.7617
Bernard BUFFET (1928-1999) 纯种马，1951年 日本珍珠纸设色石印版画.jpg,表现主义,67.4084,9.0167,0.493,27.9483,36.5072,12.7115,26.7053,1.5097,0.9674,0.2739,0.7341
Bernard BUFFET 石印版画，显微镜.jpg,表现主义,65.9265,15.6242,0.5651,210.8851,41.2795,15.5328,26.818,0.9851,0.9831,0.4283,0.852
"Bernard Buffet Clown Blanc, 1997.jpg",表现主义,83.8372,27.1083,0.1981,558.8511,48.1541,11.3611,23.8212,0.843,0.94,0.3659,0.8762
Bernard Buffet HOMARD.jpg,表现主义,80.1731,6.1782,0.2691,42.081,34.7534,14.3842,20.5725,0.8857,0.9618,0.3623,0.8198
"Bernard Buffet Roses Dans Un Vase Bleu, 1984.jpg",表现主义,81.6283,23.6485,0.2451,326.3574,43.3347,16.2008,38.4063,1.4132,0.9262,0.3851,0.8441
"Bernard Buffet Sancho Panca et la Huppe, 1989.jpg",表现主义,79.2367,18.9874,0.2259,291.4039,37.7579,13.3953,59.6625,3.7001,0.742,0.2406,0.6089
"Bernard Buffet Torero, 1994.jpg",表现主义,76.0153,19.2525,0.2968,285.9465,38.4273,10.9359,30.4685,1.3818,0.9438,0.2985,0.7817
"Bernard Buffet Vrouw met glas wijn, 1955.jpg",表现主义,69.5165,14.2243,0.2367,109.4954,25.8287,14.4359,15.2006,0.8938,0.9278,0.2624,0.7896
Bernard Buffet on Pinterest.jpg,表现主义,82.2262,9.2823,0.1315,1.844,33.4168,6.8935,12.5756,0.7427,0.8653,0.4781,0.8137
"Bernard Buffet. Bastille Day, 1970, lithograph (2).jpg",表现主义,72.4518,9.5787,0.2543,28.5333,25.122,5.0279,51.272,3.3532,0.7875,0.2581,0.6451
Bernard BuffetRoute1961.jpg,表现主义,74.74,7.407,0.2085,27.609,27.5722,7.2251,32.4455,1.6076,0.8559,0.33,0.7637
By the Sea (1909)_Piet Mondrian_3000 x 2652px.jpg,表现主义,74.985,19.073,0.1087,269.8533,29.4338,16.1263,1.0074,0.1723,0.9485,0.4008,0.9173
Flowers SunPiet Mondrian •  1909.jpg,表现主义,76.6759,12.55,0.1602,141.5261,30.9887,9.9621,8.356,0.5693,0.9186,0.3747,0.829
Foxtail Lily_Piet Mondrian_3660 x 2694px.jpg,表现主义,70.0557,7.9877,0.098,42.3581,21.8282,4.342,4.0824,0.2655,0.8838,0.4821,0.9028
Landscape near Arnhem (1900–1901)_Piet Mondrian_11004 x 7654px.jpg,表现主义,70.2848,11.1343,0.1668,47.164,22.7944,14.3725,2.5783,0.2278,0.963,0.3601,0.8984
Lighthouse in WestkapellePiet Mondrian •  1909.jpg,表现主义,62.0721,28.2026,0.2374,425.8177,27.5383,11.6832,35.7007,2.0401,0.794,0.2266,0.6549
Mill in Sunlight The Winkel MillPiet Mondrian •  1908.jpg,表现主义,56.5304,58.2543,0.3791,1109.1653,48.6418,25.339,34.7949,1.7419,0.9175,0.2173,0.702
"Piet_Mondrian,_1909,_View_from_the_Dunes_with_Beach_and_Piers,_Domburg,_MoMA.jpeg",表现主义,80.5204,15.138,0.0682,251.7619,34.6528,4.8254,2.9797,0.3646,0.7583,0.4302,0.8479
R-C.jpg,表现主义,81.9647,18.1897,0.2142,265.4276,39.6028,15.8175,35.5723,1.6493,0.8796,0.3499,0.7479
Rue newyorkaise.jpg,表现主义,71.7104,16.0259,0.2295,105.6083,26.8454,9.9088,16.1218,0.9939,0.9186,0.2564,0.7641
"SAINT TROPEZ L’ EGLISE, LA BAIE.jpg",表现主义,77.1354,16.8759,0.2753,292.6278,36.1152,15.3273,33.8894,1.5252,0.9287,0.2891,0.7874
"Saint-Tropez, 1981.jpg",表现主义,78.0132,8.1069,0.2417,67.075,31.7044,8.0137,26.6955,1.185,0.9314,0.4461,0.8058
Small farm on NistelrodePiet Mondrian •  1904.jpg,表现主义,55.6403,19.0445,0.4728,153.9791,28.4244,20.6839,30.3497,1.436,0.954,0.2677,0.7379
Soucis et feuillage dans un vase.jpg,表现主义,76.4366,17.5818,0.2269,136.2229,32.295,10.3548,27.0591,1.6343,0.8861,0.2799,0.7208
"Table et chaise, 1951.jpg",表现主义,70.811,44.0299,0.1619,243.8453,41.5861,19.3525,10.2093,0.508,0.919,0.3716,0.8639
Usine.jpg,表现主义,75.8221,18.9391,0.26,77.2737,34.4323,9.14,53.6222,3.3658,0.812,0.2541,0.645
bernard-buffet-efter-signerad-och-daterad-i-trycket-58.jpg,表现主义,83.5901,8.4245,0.1991,32.9681,35.1365,5.888,21.5856,1.0132,0.9198,0.5331,0.8288
bernard-buffet-farglitografi-signerad-och-numrerad-100-250.jpg,表现主义,82.9833,10.1678,0.2193,90.8114,38.5551,8.4945,36.2932,1.5344,0.8996,0.4095,0.8101
ch9hvildj7z8mmt1tt_x.jpg,表现主义,61.034,31.9468,0.348,335.1007,31.2464,16.1803,15.5614,1.1005,0.9462,0.1791,0.7098
still-life-with-fish-ii-1949.jpg,表现主义,71.8656,23.1847,0.2191,29.784,30.9527,6.7434,8.2431,0.4597,0.9597,0.2854,0.8529
（27）Self-Portrait_(1908_or_1910-1911)_(Kazimir_Malevich) 淘宝：名画资源店 .jpg,表现主义,55.1399,45.0175,0.2325,813.8784,31.2543,26.4422,6.8986,0.5339,0.9295,0.2677,0.8092
Broadway Boogie WoogiePiet Mondrian •  1942-1943.jpg,抽象主义,90.8474,20.5909,0.1268,773.405,51.0735,5.4318,13.0475,0.4194,0.9265,0.6128,0.9318
Composition (1921)_Piet Mondrian_3638 x 3660px.jpg,抽象主义,66.6111,24.5437,0.2835,408.3792,31.9333,23.2209,25.9895,0.6821,0.9577,0.4345,0.9023
Composition (No. 1) Gray-Red (1935)_Piet Mondrian_2909 x 3000px.jpg,抽象主义,89.1387,2.5573,0.1771,31.9989,41.7866,5.3068,27.3425,0.8098,0.9292,0.672,0.9509
Composition 2Piet Mondrian •  1922.jpg,抽象主义,85.6851,3.3692,0.2218,64.7727,39.5337,8.5839,17.843,0.6265,0.9636,0.5821,0.9185
Composition 8 (1914)_Piet Mondrian_2628 x 4386px.jpg,抽象主义,80.2895,8.5797,0.121,17.428,31.7811,2.6365,27.8295,1.172,0.7397,0.4944,0.8435
Composition APiet Mondrian •  1923 (2).jpg,抽象主义,71.7521,16.0067,0.3827,289.9637,37.6802,14.9211,23.0169,0.8235,0.9763,0.3117,0.8843
"Composition No. I, with Red and Black (1929)_Piet Mondrian_5088 x 5139px.jpg",抽象主义,87.7411,9.1387,0.2062,417.0824,45.4612,19.3738,9.1069,0.2588,0.9828,0.8059,0.9746
Composition No.10Piet Mondrian •  1939-1942.jpg,抽象主义,80.9681,7.866,0.3526,160.1754,42.997,6.5588,61.3771,1.9996,0.9465,0.6857,0.863
Composition in Color APiet Mondrian •  1917.jpg,抽象主义,81.0742,15.0639,0.2021,617.0984,42.045,9.5679,13.4473,0.4375,0.9633,0.6871,0.9331
"Composition in White, Red, and Yellow (1936)_Piet Mondrian_3858 x 4944px.jpg",抽象主义,88.0168,2.9021,0.2113,109.3338,41.1502,6.6173,29.0927,0.8353,0.9476,0.8032,0.942
"Composition of Red and White; Nom 1,Composition No. 4 with red and blue (1938–42)_Piet Mondrian_3868 x 3864px.jpg",抽象主义,78.1164,11.23,0.3398,366.6886,42.6881,14.05,58.5074,1.8712,0.9426,0.4962,0.8956
Composition with Grid IXPiet Mondrian •  1919.jpg,抽象主义,67.3396,28.8729,0.2886,670.1018,34.7193,9.3001,73.6257,4.0843,0.7616,0.2202,0.7375
"Composition with Large Red Plane, Yellow, Black, Gray and BluePiet Mondrian •  1921.jpg",抽象主义,70.5442,35.9312,0.3767,970.9378,47.5518,31.2139,26.969,0.9908,0.9688,0.3764,0.8625
Composition with Oval in Color Planes IIPiet Mondrian •  1914.jpg,抽象主义,64.2009,18.2479,0.347,191.6775,28.8398,10.4893,104.5175,4.0464,0.8164,0.2507,0.7457
"Composition with Red, Blue and YellowPiet Mondrian •  1930 (2).jpg",抽象主义,60.3009,61.8415,0.426,1912.3986,63.7178,48.1452,20.2017,0.625,0.9783,0.481,0.9112
"Composition with Red, Blue and YellowPiet Mondrian •  1930.jpg",抽象主义,79.3563,33.0077,0.1783,584.9483,45.9226,25.6726,4.3829,0.1553,0.9805,0.6238,0.9713
"Composition with Red, Yellow and BluePiet Mondrian •  1937-1942.jpg",抽象主义,78.9068,5.4715,0.336,137.2943,38.7135,7.7243,48.9495,1.5745,0.9519,0.6135,0.8799
Composizione (1916)_Piet Mondrian_2146 x 3464px.jpg,抽象主义,71.2306,18.9531,0.1516,208.5095,26.9206,5.779,21.9397,1.0855,0.7995,0.3574,0.7987
"Lozenge Composition with Yellow, Black, Blue, Red, and Gray (1921)_Piet Mondrian_3000 x 3000px.jpg",抽象主义,89.9294,3.8729,0.2205,115.4706,45.5951,10.9512,16.9643,0.4851,0.9723,0.8164,0.9655
New York City IPiet Mondrian •  1942.jpg,抽象主义,81.3083,32.3322,0.1538,758.6152,46.926,6.8377,14.2352,0.4966,0.9327,0.5477,0.9236
Oostzijdse Mill along the River Gein by Moonlight (c. 1903)_Piet Mondrian_5312 x 4386px.jpg,抽象主义,71.2445,9.1925,0.1387,47.8925,23.3208,12.5583,3.306,0.33,0.9254,0.3659,0.8647
"Piet_Mondriaan,_1930_-_Mondrian_Composition_II_in_Red,_Blue,_and_Yellow.jpg",抽象主义,73.24,40.1962,0.2533,1003.4535,49.8473,33.7771,8.139,0.2772,0.9821,0.5965,0.9503
"Piet_Mondriaan,_1939-1942_-_Composition_10.jpg",抽象主义,82.768,7.1254,0.3926,244.6073,47.7628,7.0124,80.0058,2.5438,0.9493,0.6416,0.844
"Piet_Mondriaan,_1942_-_New_York_City_I.jpg",抽象主义,87.7256,24.1061,0.1533,803.0224,50.3396,4.9839,21.6076,0.7751,0.9075,0.5209,0.8933
"Piet_Mondrian,_1942_-_Broadway_Boogie_Woogie.jpg",抽象主义,90.8402,20.7884,0.1272,802.1087,51.3313,5.4479,13.4535,0.4372,0.9239,0.6129,0.9318
Place de la ConcordePiet Mondrian •  1938-1943.jpg,抽象主义,88.5554,10.7792,0.2086,473.7681,45.7491,12.714,35.0071,1.0488,0.9287,0.6572,0.922
Study for a Composition (1940–1941)_Piet Mondrian_2073 x 2704px.jpg,抽象主义,82.2725,13.7915,0.1205,224.3091,37.1398,13.4028,3.774,0.306,0.9338,0.4709,0.8819
"Tableau 3 with Orange -Red, Yellow, Black, Blue and GrayPiet Mondrian •  1921.jpg",抽象主义,75.0942,30.9471,0.3067,932.2067,46.8446,28.0654,19.9664,0.6871,0.9718,0.3871,0.8962
"Tableau_I,_by_Piet_Mondriaan.jpg",抽象主义,85.013,10.5793,0.1997,316.1864,41.4611,13.9545,13.7094,0.416,0.9696,0.5574,0.9481
The Red MillPiet Mondrian •  1910-1911.jpg,抽象主义,65.6724,40.9694,0.1209,583.4928,34.6269,17.1047,12.4746,0.5107,0.8285,0.4792,0.8961
Trafalgar SquarePiet Mondrian •  1939-1943.jpg,抽象主义,82.3963,10.3538,0.2603,493.848,40.5158,13.0537,31.1082,0.9526,0.9564,0.6625,0.9307
Victory Boogie WoogiePiet Mondrian •  1944.jpg,抽象主义,92.7969,8.688,0.1419,362.9132,47.9786,8.3061,15.7796,0.4981,0.9458,0.5865,0.9373
蒙德里安作品 (1).jpeg,抽象主义,65.6027,28.5256,0.2912,675.6092,33.3477,18.6112,20.0769,0.6805,0.9609,0.4549,0.9376
蒙德里安作品 (16).jpg,抽象主义,20.4923,27.1033,1.6114,329.273,47.2466,28.0976,30.2324,0.7955,0.9839,0.7398,0.9555
蒙德里安作品 (17).jpg,抽象主义,91.5058,2.511,0.1152,39.5867,42.2232,5.3492,7.2418,0.2585,0.9523,0.7662,0.9511
蒙德里安作品 (21).jpg,抽象主义,91.6808,4.2708,0.1428,137.9395,44.7176,7.9677,11.2949,0.3407,0.9559,0.8002,0.9594
蒙德里安作品 (38).jpg,抽象主义,91.2436,35.6455,0.1437,1934.2288,63.2798,9.6888,19.5432,0.779,0.8963,0.6955,0.9086
蒙德里安作品 (40).jpg,抽象主义,84.232,11.6903,0.2439,613.1445,46.0163,22.4137,21.1105,0.6618,0.9678,0.6917,0.9445
蒙德里安作品 (42).jpg,抽象主义,79.1709,24.0577,0.3229,1048.8064,50.4832,34.3414,30.4989,0.93,0.9691,0.6278,0.9395
蒙德里安作品 (44).jpg,抽象主义,86.4218,12.797,0.231,475.4045,46.9263,21.3428,23.2469,0.7968,0.9546,0.65,0.9368
蒙德里安作品 (45).jpg,抽象主义,66.6407,24.9775,0.279,421.7536,32.0227,23.8207,9.532,0.4012,0.9748,0.4547,0.9135
蒙德里安作品 (46).jpg,抽象主义,91.5728,6.4782,0.1114,236.2733,44.7904,9.5055,14.7679,0.4416,0.9128,0.6879,0.9471
蒙德里安作品 (47).jpg,抽象主义,90.6017,7.5359,0.1184,130.6895,42.9005,10.8297,6.067,0.1885,0.9641,0.6267,0.9763
蒙德里安作品 (48).jpg,抽象主义,82.8602,11.1822,0.1925,494.0989,40.8342,18.3081,9.6702,0.3088,0.9724,0.7891,0.9535
蒙德里安作品 (49).jpg,抽象主义,88.1672,3.272,0.1341,35.0514,39.3461,3.6126,9.1495,0.3175,0.9481,0.7607,0.9405
蒙德里安作品 (50).jpg,抽象主义,75.358,15.8332,0.2698,409.3902,33.1309,12.997,22.4976,0.675,0.9644,0.3944,0.8965
蒙德里安作品 (51).jpg,抽象主义,84.4464,7.0381,0.2023,114.8845,37.7728,12.6823,18.7092,0.6576,0.9462,0.6157,0.9341
蒙德里安作品 (52).jpg,抽象主义,84.2481,12.3119,0.2437,628.5573,46.1561,22.4906,21.0794,0.6629,0.9676,0.6881,0.9427
蒙德里安作品 (54).jpg,抽象主义,85.2698,14.9411,0.2396,684.4888,47.3219,24.0642,12.7841,0.3667,0.981,0.7617,0.964
蒙德里安作品 (55).jpg,抽象主义,68.3644,17.8672,0.4427,274.4002,38.1098,17.7928,35.9399,1.2012,0.971,0.356,0.8703
蒙德里安作品 (58).jpg,抽象主义,88.1936,2.0201,0.2289,17.8403,41.8833,4.4297,38.0127,1.168,0.937,0.7851,0.9246
蒙德里安作品 (59).jpg,抽象主义,84.1553,10.5964,0.2284,214.0183,41.0972,19.8524,11.7971,0.3985,0.9753,0.6683,0.9433
蒙德里安作品 (60).jpg,抽象主义,74.1502,18.9903,0.3166,439.4508,39.1477,20.1692,11.0219,0.3293,0.9864,0.473,0.9571
蒙德里安作品 (61).jpg,抽象主义,87.1509,3.1346,0.2863,36.0659,44.9288,5.3191,33.475,0.9595,0.967,0.8199,0.9461
蒙德里安作品 (62).jpg,抽象主义,97.1371,4.1877,0.0421,255.9162,49.335,5.416,1.2158,0.05,0.9424,0.7501,0.9827
蒙德里安作品 (63).jpg,抽象主义,60.971,60.0696,0.0986,1894.4549,47.9167,7.7044,3.0875,0.2643,0.8444,0.4783,0.8877
蒙德里安作品 (64).jpg,抽象主义,83.9192,42.5833,0.1696,1574.2437,59.8354,11.0906,6.6023,0.3319,0.965,0.4316,0.9063
蒙德里安作品 (65).jpg,抽象主义,85.07,4.2805,0.2568,76.3225,40.8176,9.2339,33.8126,1.0914,0.949,0.6938,0.9231
蒙德里安作品 (66).jpg,抽象主义,80.7588,16.2457,0.3428,775.1921,48.4319,19.5374,46.3874,1.2754,0.962,0.6955,0.9184
蒙德里安作品.jpg,抽象主义,65.6,28.5388,0.2912,676.0778,33.3611,18.589,20.0854,0.6798,0.961,0.4554,0.9379
（02）1928-32_Malevich_Frau_mit_Harke_anagoria 淘宝：名画资源店 .jpg,抽象主义,74.0434,36.4324,0.1964,1148.5017,42.0125,30.8484,7.5895,0.337,0.9647,0.4309,0.9125
"（05）GUGG_Untitled_(Suprematist_Composition,_Malevich_a) 淘宝：名画资源店 .jpg",抽象主义,87.6749,7.659,0.1051,2.8164,38.5443,4.396,3.5232,0.1204,0.9688,0.8881,0.977
"（06）GUGG_Untitled_(Suprematist_Composition,_Malevich_b) 淘宝：名画资源店 .jpg",抽象主义,87.037,7.8137,0.1229,4.166,38.1871,5.555,2.732,0.084,0.9841,0.8989,0.9814
（08）Kasimir_Malevich_-_Stroyuschiysya_dom_(House_under_construction)_-_Google_Art_Project 淘宝：名画资源店 .jpg,抽象主义,78.9261,13.8943,0.2286,301.6306,37.2314,13.2231,14.6027,0.4363,0.9711,0.7016,0.9467
"（12）Kazimir_malevich,_suprematismo_(supremus_no._58),_1916 淘宝：名画资源店 .jpg",抽象主义,83.0681,4.5501,0.1738,111.7081,35.3784,7.3082,10.6622,0.3087,0.9657,0.6199,0.9458
"（13）Kazimir_malevich,_verso_la_vendemmia_(martha_e_vanka),_1928-29 淘宝：名画资源店 .jpg",抽象主义,75.6096,14.4701,0.1917,223.4255,30.8583,10.9782,5.602,0.2721,0.9719,0.3187,0.9117
（14）Kazimir_Malevich_-_Painterly_Realism_of_a_Football_Player_–_Color_Masses_in_the_4th_Dimension_-_Google_Art_Project 淘宝：名画资源店 .jpg,抽象主义,86.8185,6.7968,0.1816,221.0509,41.0651,12.6948,6.458,0.4101,0.965,0.4699,0.864
（15）Kazimir_Malevich_-_Suprametism 淘宝：名画资源店 .jpg,抽象主义,83.3064,11.5158,0.2948,437.6849,44.1245,19.3282,15.4734,0.4837,0.9812,0.6533,0.9339
（16）Kazimir_Malevich_-_Suprematism_-_Google_Art_Project 淘宝：名画资源店 .jpg,抽象主义,90.3263,7.1398,0.1777,275.3568,45.7735,11.9564,10.2979,0.2974,0.9749,0.7674,0.9485
（17）Kazimir_Malevich_-_Suprematism_-_Google_Art_Project_(fgFDOCizceY5pw) 淘宝：名画资源店 .jpg,抽象主义,62.6212,6.217,0.6566,39.3213,42.9812,30.3273,28.0082,0.9592,0.9873,0.4919,0.864
（19）Malevich 淘宝：名画资源店 .jpg,抽象主义,74.5603,28.0991,0.255,791.8906,40.4088,18.079,16.7183,0.7399,0.9561,0.3595,0.858
（20）Malevich_-_Mann_in_suprematischer_Landschaft 淘宝：名画资源店 .jpg,抽象主义,76.3386,21.7623,0.1678,387.6046,34.4706,12.9691,6.4602,0.2854,0.9634,0.3675,0.9181
（22）Malevici01 淘宝：名画资源店 .jpg,抽象主义,92.298,19.1392,0.1524,265.415,49.1833,13.2454,2.5707,0.0971,0.9876,0.7504,0.9656
（25）Malewitsch_-_Suprematismus_Nr_50_-_1915 淘宝：名画资源店 .jpg,抽象主义,82.8356,15.8356,0.1814,279.6545,39.0933,11.0563,6.7803,0.3239,0.9711,0.5166,0.9033
（28）Suprematism._Soccer_Player_in_the_Fourth_Dimension 淘宝：名画资源店 .jpg,抽象主义,88.3272,4.8621,0.1929,138.5671,42.1638,11.5748,7.6957,0.2523,0.9816,0.799,0.9609
（30）Women_with_a_Rake_P1060751 淘宝：名画资源店 .jpg,抽象主义,73.0723,28.4169,0.1604,590.5983,35.5389,21.35,5.1711,0.2019,0.9682,0.5021,0.9489
（32）Девушка_с_гребнем_в_волосах 淘宝：名画资源店 .jpg,抽象主义,72.2123,17.3499,0.4214,393.1284,41.5678,25.0818,14.9287,0.516,0.9868,0.4184,0.902
（33）Девушка_с_красным_древком 淘宝：名画资源店 .jpg,抽象主义,79.1722,16.0184,0.2345,206.7254,38.0391,18.8103,4.865,0.195,0.9866,0.5946,0.9404
（35）Казимир_Малевич_—_Важке_передчуття 淘宝：名画资源店 .jpg,抽象主义,70.236,43.6033,0.2858,1467.6297,45.9878,40.3684,8.3359,0.3238,0.9821,0.3824,0.9276
（36）Красный_супрематический_квадрат 淘宝：名画资源店 .jpg,抽象主义,74.3232,29.2075,0.2753,506.7931,43.6794,15.4786,6.4056,0.5581,0.9713,0.438,0.8328
（39）Супрематическая_живопись._1916._ЧС 淘宝：名画资源店 .jpg,抽象主义,80.4852,21.0264,0.3339,912.2237,49.0741,26.8854,20.1203,0.5527,0.9821,0.5996,0.923
（40）Супрематическая_композиция._Середина_1910-х 淘宝：名画资源店 .jpg,抽象主义,67.9102,15.6037,0.4683,248.3205,39.5617,26.2252,16.5504,0.6498,0.986,0.3979,0.8646
